{
	"credit": "Made with Blockbench",
  "parent": "item/handheld",
	"textures": {
		"layer0": "item/diamond_hoe"
	},
  "display": {},
	"overrides": [
    { "predicate": { "custom_model_data": 102 }, "model": "item/custom/szulinapikalap" },
    { "predicate": { "custom_model_data": 103 }, "model": "item/custom/szulinapikalap_5" },
    { "predicate": { "custom_model_data": 104 }, "model": "item/custom/szulinapikalap_6" },
    { "predicate": { "custom_model_data": 105 }, "model": "item/custom/szulinapikalap_7" },
    { "predicate": { "custom_model_data": 106 }, "model": "item/custom/szulinapikalap_8" },
    { "predicate": { "custom_model_data": 107 }, "model": "item/custom/szulinapikalap_9" },
    { "predicate": { "custom_model_data": 108 }, "model": "item/custom/szulinapikalap_10" }
	]
}