{
  "overrides": [
    {
      "predicate": {
        "damage": 0.9993593850096092,
        "damaged": 0
      },
      "model": "vanilla_additions:item/prismarine_shovel"
    },
    {
      "predicate": {
        "damage": 1.0,
        "damaged": 0
      },
      "model": "vanilla_additions:item/emerald_shovel"
    },
    {
      "predicate": {
        "damage": 0.0,
        "damaged": 1
      },
      "model": "item/diamond_shovel"
    }
  ],
  "parent": "item/handheld",
  "textures": {
    "layer0": "items/DIAMOND_SHOVEL"
  }
}