{
  "overrides": [
    {
      "predicate": {
        "damage": 0.9955156950672646,
        "damaged": 0
      },
      "model": "vanilla_additions:item/diamond_hammer"
    },
    {
      "predicate": {
        "damage": 0.9961563100576554,
        "damaged": 0
      },
      "model": "vanilla_additions:item/prismarine_hammer"
    },
    {
      "predicate": {
        "damage": 0.9967969250480462,
        "damaged": 0
      },
      "model": "vanilla_additions:item/emerald_hammer"
    },
    {
      "predicate": {
        "damage": 0.9987187700192185,
        "damaged": 0
      },
      "model": "vanilla_additions:item/prismarine_pickaxe"
    },
    {
      "predicate": {
        "damage": 1.0,
        "damaged": 0
      },
      "model": "vanilla_additions:item/emerald_pickaxe"
    },
    {
      "predicate": {
        "damage": 0.0,
        "damaged": 1
      },
      "model": "item/diamond_pickaxe"
    }
  ],
  "parent": "item/handheld",
  "textures": {
    "layer0": "items/diamond_pickaxe"
  }
}