{
  "overrides": [
    {
      "predicate": {
        "damage": 0.9987187700192185,
        "damaged": 0
      },
      "model": "vanilla_additions:item/prismarine_axe"
    },
    {
      "predicate": {
        "damage": 1.0,
        "damaged": 0
      },
      "model": "vanilla_additions:item/emerald_axe"
    },
    {
      "predicate": {
        "damage": 0.0,
        "damaged": 1
      },
      "model": "item/diamond_axe"
    }
  ],
  "parent": "item/handheld",
  "textures": {
    "layer0": "items/DIAMOND_AXE"
  }
}