{
  "overrides": [
    {
      "predicate": {
        "damage": 0.984,
        "damaged": 0
      },
      "model": "vanilla_additions:item/iron_double_axe"
    },
    {
      "predicate": {
        "damage": 0.988,
        "damaged": 0
      },
      "model": "vanilla_additions:item/lapis_double_axe"
    },
    {
      "predicate": {
        "damage": 0.992,
        "damaged": 0
      },
      "model": "vanilla_additions:item/lapis_axe"
    },
    {
      "predicate": {
        "damage": 0.996,
        "damaged": 0
      },
      "model": "vanilla_additions:item/obsidian_double_axe"
    },
    {
      "predicate": {
        "damage": 1.0,
        "damaged": 0
      },
      "model": "vanilla_additions:item/obsidian_axe"
    },
    {
      "predicate": {
        "damage": 0.0,
        "damaged": 1
      },
      "model": "item/iron_axe"
    }
  ],
  "parent": "item/handheld",
  "textures": {
    "layer0": "items/IRON_AXE"
  }
}