{
  "overrides": [
    {
      "predicate": {
        "damage": 0.996,
        "damaged": 0
      },
      "model": "vanilla_additions:item/lapis_sword"
    },
    {
      "predicate": {
        "damage": 1.0,
        "damaged": 0
      },
      "model": "vanilla_additions:item/obsidian_sword"
    },
    {
      "predicate": {
        "damage": 0.0,
        "damaged": 1
      },
      "model": "item/iron_sword"
    }
  ],
  "parent": "item/handheld",
  "textures": {
    "layer0": "items/iron_sword"
  }
}