{
  "overrides": [
    {
      "predicate": {
        "damage": 0.9694656488549618,
        "damaged": 0
      },
      "model": "vanilla_additions:item/redstone_axe"
    },
    {
      "predicate": {
        "damage": 1.0,
        "damaged": 0
      },
      "model": "vanilla_additions:item/end_stone_axe"
    },
    {
      "predicate": {
        "damage": 0.0,
        "damaged": 1
      },
      "model": "item/stone_axe"
    }
  ],
  "parent": "item/handheld",
  "textures": {
    "layer0": "items/STONE_AXE"
  }
}