{
  "overrides": [
    {
      "predicate": {
        "damage": 0.711864406779661,
        "damaged": 0
      },
      "model": "vanilla_additions:item/clay_chisel"
    },
    {
      "predicate": {
        "damage": 0.7457627118644068,
        "damaged": 0
      },
      "model": "vanilla_additions:item/big_oak_wood_pickaxe"
    },
    {
      "predicate": {
        "damage": 0.7796610169491526,
        "damaged": 0
      },
      "model": "vanilla_additions:item/acacia_wood_pickaxe"
    },
    {
      "predicate": {
        "damage": 0.8135593220338984,
        "damaged": 0
      },
      "model": "vanilla_additions:item/jungle_wood_pickaxe"
    },
    {
      "predicate": {
        "damage": 0.847457627118644,
        "damaged": 0
      },
      "model": "vanilla_additions:item/birch_wood_pickaxe"
    },
    {
      "predicate": {
        "damage": 0.8813559322033898,
        "damaged": 0
      },
      "model": "vanilla_additions:item/spruce_wood_pickaxe"
    },
    {
      "predicate": {
        "damage": 0.9152542372881356,
        "damaged": 0
      },
      "model": "vanilla_additions:item/oak_wood_pickaxe"
    },
    {
      "predicate": {
        "damage": 0.9491525423728814,
        "damaged": 0
      },
      "model": "vanilla_additions:item/slime_pickaxe"
    },
    {
      "predicate": {
        "damage": 0.9661016949152542,
        "damaged": 0
      },
      "model": "vanilla_additions:item/clay_pickaxe"
    },
    {
      "predicate": {
        "damage": 1.0,
        "damaged": 0
      },
      "model": "vanilla_additions:item/coal_pickaxe"
    },
    {
      "predicate": {
        "damage": 0.0,
        "damaged": 1
      },
      "model": "item/wooden_pickaxe"
    }
  ],
  "parent": "item/handheld",
  "textures": {
    "layer0": "items/wood_pickaxe"
  }
}