{
	"credit": "Made with Blockbench",
	"textures": {
		"0": "block/anvil",
		"1": "block/acacia_log",
		"2": "block/light_gray_concrete",
		"particle": "block/anvil"
	},
	"elements": [
		{
			"from": [5, 0, 4],
			"to": [12, 4, 6],
			"faces": {
				"north": {"uv": [6, 2, 13, 6], "texture": "#0"},
				"east": {"uv": [9, 1, 11, 5], "texture": "#0"},
				"south": {"uv": [6, 1, 13, 5], "texture": "#0"},
				"west": {"uv": [7, 2, 9, 6], "texture": "#0"},
				"up": {"uv": [7, 2, 14, 4], "texture": "#0"},
				"down": {"uv": [5, 2, 12, 4], "texture": "#0"}
			}
		},
		{
			"from": [4.5, 3, 3.5],
			"to": [12.5, 8.25, 6.5],
			"faces": {
				"north": {"uv": [0, 0, 8, 5.25], "texture": "#0"},
				"east": {"uv": [0, 0, 3, 5.25], "texture": "#0"},
				"south": {"uv": [0, 0, 8, 5.25], "texture": "#0"},
				"west": {"uv": [0, 0, 3, 5.25], "texture": "#0"},
				"up": {"uv": [0, 0, 8, 3], "texture": "#0"},
				"down": {"uv": [0, 0, 8, 3], "texture": "#0"}
			}
		},
		{
			"from": [-0.5, 4, 4],
			"to": [6.5, 6, 6],
			"rotation": {"angle": 22.5, "axis": "z", "origin": [1, 4, 5]},
			"faces": {
				"north": {"uv": [0, 0, 7, 2], "rotation": 180, "texture": "#1"},
				"east": {"uv": [0, 0, 2, 2], "texture": "#1"},
				"south": {"uv": [0, 0, 7, 2], "rotation": 180, "texture": "#1"},
				"west": {"uv": [0, 0, 2, 2], "rotation": 180, "texture": "#1"},
				"up": {"uv": [0, 0, 7, 2], "texture": "#1"},
				"down": {"uv": [0, 0, 7, 2], "rotation": 180, "texture": "#1"}
			}
		},
		{
			"from": [-6.5, 4.5, 4.5],
			"to": [-0.5, 5.5, 5.5],
			"rotation": {"angle": 22.5, "axis": "z", "origin": [1, 4, 5]},
			"faces": {
				"north": {"uv": [6, 2, 12, 3], "rotation": 180, "texture": "#0"},
				"east": {"uv": [0, 0, 1, 1], "texture": "#0"},
				"south": {"uv": [4, 7, 10, 8], "rotation": 180, "texture": "#0"},
				"west": {"uv": [0, 0, 1, 1], "rotation": 180, "texture": "#0"},
				"up": {"uv": [5, 5, 11, 6], "texture": "#0"},
				"down": {"uv": [0, 0, 6, 1], "rotation": 180, "texture": "#0"}
			}
		},
		{
			"from": [3.5, -1, 3.5],
			"to": [6.5, 2, 6.5],
			"faces": {
				"north": {"uv": [0, 0, 3, 3], "texture": "#1"},
				"east": {"uv": [0, 0, 3, 3], "texture": "#1"},
				"south": {"uv": [2, 11, 5, 14], "texture": "#1"},
				"west": {"uv": [0, 0, 3, 3], "texture": "#1"},
				"up": {"uv": [0, 0, 3, 3], "texture": "#1"},
				"down": {"uv": [0, 0, 3, 3], "texture": "#1"}
			}
		},
		{
			"from": [10.5, -1, 3.5],
			"to": [13.5, 2, 6.5],
			"faces": {
				"north": {"uv": [0, 0, 3, 3], "texture": "#1"},
				"east": {"uv": [0, 0, 3, 3], "texture": "#1"},
				"south": {"uv": [12, 11, 15, 14], "texture": "#1"},
				"west": {"uv": [0, 0, 3, 3], "texture": "#1"},
				"up": {"uv": [0, 0, 3, 3], "texture": "#1"},
				"down": {"uv": [0, 0, 3, 3], "texture": "#1"}
			}
		},
		{
			"from": [10, 9.75, 4],
			"to": [17, 11.75, 6],
			"rotation": {"angle": -22.5, "axis": "z", "origin": [1, 4, 5]},
			"faces": {
				"north": {"uv": [0, 0, 7, 2], "rotation": 180, "texture": "#1"},
				"east": {"uv": [0, 0, 2, 2], "texture": "#1"},
				"south": {"uv": [0, 0, 7, 2], "rotation": 180, "texture": "#1"},
				"west": {"uv": [0, 0, 2, 2], "rotation": 180, "texture": "#1"},
				"up": {"uv": [0, 0, 7, 2], "texture": "#1"},
				"down": {"uv": [0, 0, 7, 2], "rotation": 180, "texture": "#1"}
			}
		},
		{
			"from": [16.5, 10.25, 4.5],
			"to": [22.5, 11.25, 5.5],
			"rotation": {"angle": -22.5, "axis": "z", "origin": [1, 4, 5]},
			"faces": {
				"north": {"uv": [6, 2, 12, 3], "rotation": 180, "texture": "#0"},
				"east": {"uv": [0, 0, 1, 1], "texture": "#0"},
				"south": {"uv": [4, 7, 10, 8], "rotation": 180, "texture": "#0"},
				"west": {"uv": [0, 0, 1, 1], "rotation": 180, "texture": "#0"},
				"up": {"uv": [5, 5, 11, 6], "texture": "#0"},
				"down": {"uv": [0, 0, 6, 1], "rotation": 180, "texture": "#0"}
			}
		},
		{
			"from": [4.5, 5, 1.5],
			"to": [7.5, 8, 3.5],
			"faces": {
				"north": {"uv": [0, 0, 3, 3], "texture": "#1"},
				"east": {"uv": [0, 0, 3, 3], "texture": "#1"},
				"south": {"uv": [0, 0, 3, 3], "texture": "#1"},
				"west": {"uv": [0, 0, 3, 3], "texture": "#1"},
				"up": {"uv": [0, 0, 3, 3], "texture": "#1"},
				"down": {"uv": [0, 0, 3, 3], "texture": "#1"}
			}
		},
		{
			"from": [9.5, 5, 1.5],
			"to": [12.5, 8, 3.5],
			"faces": {
				"north": {"uv": [0, 0, 3, 3], "texture": "#1"},
				"east": {"uv": [0, 0, 3, 3], "texture": "#1"},
				"south": {"uv": [0, 0, 3, 3], "texture": "#1"},
				"west": {"uv": [0, 0, 3, 3], "texture": "#1"},
				"up": {"uv": [0, 0, 3, 3], "texture": "#1"},
				"down": {"uv": [0, 0, 3, 3], "texture": "#1"}
			}
		},
		{
			"from": [5, 2, 1.75],
			"to": [7, 5, 3.5],
			"faces": {
				"north": {"uv": [0, 0, 2, 3], "texture": "#2"},
				"east": {"uv": [0, 0, 2, 3], "texture": "#2"},
				"south": {"uv": [0, 0, 2, 3], "texture": "#2"},
				"west": {"uv": [0, 0, 2, 3], "texture": "#2"},
				"up": {"uv": [0, 0, 2, 3], "texture": "#2"},
				"down": {"uv": [0, 0, 2, 3], "texture": "#2"}
			}
		},
		{
			"from": [10, 2, 1.75],
			"to": [12, 5, 3.5],
			"faces": {
				"north": {"uv": [0, 0, 2, 3], "texture": "#2"},
				"east": {"uv": [0, 0, 2, 3], "texture": "#2"},
				"south": {"uv": [0, 0, 2, 3], "texture": "#2"},
				"west": {"uv": [0, 0, 2, 3], "texture": "#2"},
				"up": {"uv": [0, 0, 2, 3], "texture": "#2"},
				"down": {"uv": [0, 0, 2, 3], "texture": "#2"}
			}
		},
		{
			"from": [5, 8, 4.5],
			"to": [12, 8.75, 5.5],
			"faces": {
				"north": {"uv": [0, 0, 7, 0.75], "texture": "#0"},
				"east": {"uv": [0, 0, 1, 0.75], "texture": "#0"},
				"south": {"uv": [0, 0, 7, 0.75], "texture": "#0"},
				"west": {"uv": [0, 0, 1, 0.75], "texture": "#0"},
				"up": {"uv": [0, 0, 7, 1], "texture": "#0"},
				"down": {"uv": [0, 0, 7, 1], "texture": "#0"}
			}
		}
	],
	"display": {
		"thirdperson_righthand": {
			"rotation": [82, -46, 0],
			"translation": [-1.75, -3.25, 1.25]
		},
		"thirdperson_lefthand": {
			"rotation": [11, -21, 0],
			"translation": [0, 1.5, 2.5]
		},
		"firstperson_righthand": {
			"translation": [0, 2.25, 0]
		},
		"firstperson_lefthand": {
			"translation": [0, 2.25, 0]
		},
		"ground": {
			"translation": [-0.25, 4.75, 4.5]
		},
		"gui": {
			"rotation": [28, -43, 9],
			"translation": [-2, 2.25, 0],
			"scale": [0.7, 0.7, 0.7]
		},
		"head": {
			"rotation": [0, 180, 0],
			"translation": [1, -4.75, -1.75],
			"scale": [2, 2, 2]
		},
		"fixed": {
			"rotation": [0, 180, 0],
			"translation": [0, 3, -4.75]
		}
	},
	"groups": [
		{
			"name": "jetpack",
			"children": [0, 1, 2, 3, 4, 5, 6, 7, 8, 9, 10, 11, 12]
		}
	]
}