{
	"credit": "Made with Blockbench",
	"textures": {
		"0": "block/custom/ufo_top",
		"3": "block/custom/blue2",
		"4": "block/emerald_block",
		"5": "block/redstone_block",
		"particle": "block/custom/ufo_top"
	},
	"elements": [
		{
			"from": [7, 6.5, 8],
			"to": [9, 7, 10],
			"faces": {
				"north": {"uv": [7, 10, 9, 11], "texture": "#0"},
				"east": {"uv": [7, 10, 9, 11], "texture": "#0"},
				"south": {"uv": [7, 10, 9, 11], "texture": "#0"},
				"west": {"uv": [7, 10, 9, 11], "texture": "#0"},
				"up": {"uv": [6, 6, 10, 10], "texture": "#0"},
				"down": {"uv": [6, 6, 10, 10], "texture": "#0"}
			}
		},
		{
			"from": [5, 7, 6],
			"to": [11, 12, 12],
			"faces": {
				"north": {"uv": [3, 12, 13, 13], "texture": "#0"},
				"east": {"uv": [3, 12, 13, 13], "texture": "#0"},
				"south": {"uv": [3, 12, 13, 13], "texture": "#0"},
				"west": {"uv": [3, 12, 13, 13], "texture": "#0"},
				"up": {"uv": [3, 3, 13, 13], "texture": "#0"},
				"down": {"uv": [3, 3, 13, 13], "texture": "#0"}
			}
		},
		{
			"from": [3, 8, 4],
			"to": [13, 11, 14],
			"faces": {
				"north": {"uv": [1, 12, 15, 13], "texture": "#0"},
				"east": {"uv": [1, 12, 15, 13], "texture": "#0"},
				"south": {"uv": [1, 12, 15, 13], "texture": "#0"},
				"west": {"uv": [1, 12, 15, 13], "texture": "#0"},
				"up": {"uv": [1, 1, 15, 15], "texture": "#0"},
				"down": {"uv": [1, 1, 15, 15], "texture": "#0"}
			}
		},
		{
			"from": [1, 9, 2],
			"to": [15, 10, 16],
			"faces": {
				"north": {"uv": [1, 11, 15, 12], "texture": "#0"},
				"east": {"uv": [1, 11, 15, 12], "texture": "#0"},
				"south": {"uv": [1, 11, 15, 12], "texture": "#0"},
				"west": {"uv": [1, 11, 15, 12], "texture": "#0"},
				"up": {"uv": [0, 0, 16, 16], "texture": "#0"},
				"down": {"uv": [0, 0, 16, 16], "texture": "#0"}
			}
		},
		{
			"from": [1.5, 9.5, 10.5],
			"to": [2.5, 10.5, 11.5],
			"faces": {
				"north": {"uv": [0, 0, 16, 16], "texture": "#4"},
				"east": {"uv": [0, 0, 16, 16], "texture": "#4"},
				"south": {"uv": [0, 0, 16, 16], "texture": "#4"},
				"west": {"uv": [0, 0, 16, 16], "texture": "#4"},
				"up": {"uv": [0, 0, 16, 16], "texture": "#4"},
				"down": {"uv": [0, 0, 16, 16], "texture": "#4"}
			}
		},
		{
			"from": [1.5, 9.5, 6.5],
			"to": [2.5, 10.5, 7.5],
			"faces": {
				"north": {"uv": [0, 0, 16, 16], "texture": "#4"},
				"east": {"uv": [0, 0, 16, 16], "texture": "#4"},
				"south": {"uv": [0, 0, 16, 16], "texture": "#4"},
				"west": {"uv": [0, 0, 16, 16], "texture": "#4"},
				"up": {"uv": [0, 0, 16, 16], "texture": "#4"},
				"down": {"uv": [0, 0, 16, 16], "texture": "#4"}
			}
		},
		{
			"from": [5.5, 9.5, 14.5],
			"to": [6.5, 10.5, 15.5],
			"faces": {
				"north": {"uv": [0, 0, 16, 16], "texture": "#4"},
				"east": {"uv": [0, 0, 16, 16], "texture": "#4"},
				"south": {"uv": [0, 0, 16, 16], "texture": "#4"},
				"west": {"uv": [0, 0, 16, 16], "texture": "#4"},
				"up": {"uv": [0, 0, 16, 16], "texture": "#4"},
				"down": {"uv": [0, 0, 16, 16], "texture": "#4"}
			}
		},
		{
			"from": [9.5, 9.5, 14.5],
			"to": [10.5, 10.5, 15.5],
			"faces": {
				"north": {"uv": [0, 0, 16, 16], "texture": "#4"},
				"east": {"uv": [0, 0, 16, 16], "texture": "#4"},
				"south": {"uv": [0, 0, 16, 16], "texture": "#4"},
				"west": {"uv": [0, 0, 16, 16], "texture": "#4"},
				"up": {"uv": [0, 0, 16, 16], "texture": "#4"},
				"down": {"uv": [0, 0, 16, 16], "texture": "#4"}
			}
		},
		{
			"from": [13.5, 9.5, 10.5],
			"to": [14.5, 10.5, 11.5],
			"faces": {
				"north": {"uv": [0, 0, 16, 16], "texture": "#4"},
				"east": {"uv": [0, 0, 16, 16], "texture": "#4"},
				"south": {"uv": [0, 0, 16, 16], "texture": "#4"},
				"west": {"uv": [0, 0, 16, 16], "texture": "#4"},
				"up": {"uv": [0, 0, 16, 16], "texture": "#4"},
				"down": {"uv": [0, 0, 16, 16], "texture": "#4"}
			}
		},
		{
			"from": [13.5, 9.5, 6.5],
			"to": [14.5, 10.5, 7.5],
			"faces": {
				"north": {"uv": [0, 0, 16, 16], "texture": "#4"},
				"east": {"uv": [0, 0, 16, 16], "texture": "#4"},
				"south": {"uv": [0, 0, 16, 16], "texture": "#4"},
				"west": {"uv": [0, 0, 16, 16], "texture": "#4"},
				"up": {"uv": [0, 0, 16, 16], "texture": "#4"},
				"down": {"uv": [0, 0, 16, 16], "texture": "#4"}
			}
		},
		{
			"from": [5.5, 9.5, 2.5],
			"to": [6.5, 10.5, 3.5],
			"faces": {
				"north": {"uv": [0, 0, 15.097, 15.032], "texture": "#4"},
				"east": {"uv": [0, 0, 15.097, 15.032], "texture": "#4"},
				"south": {"uv": [0, 0, 15.097, 15.032], "texture": "#4"},
				"west": {"uv": [0, 0, 15.097, 15.032], "texture": "#4"},
				"up": {"uv": [0, 0, 15.097, 15.032], "texture": "#4"},
				"down": {"uv": [0, 0, 15.097, 15.032], "texture": "#4"}
			}
		},
		{
			"from": [9.5, 9.5, 2.5],
			"to": [10.5, 10.5, 3.5],
			"faces": {
				"north": {"uv": [0, 0, 16, 16], "texture": "#4"},
				"east": {"uv": [0, 0, 16, 16], "texture": "#4"},
				"south": {"uv": [0, 0, 16, 16], "texture": "#4"},
				"west": {"uv": [0, 0, 16, 16], "texture": "#4"},
				"up": {"uv": [0, 0, 16, 16], "texture": "#4"},
				"down": {"uv": [0, 0, 16, 16], "texture": "#4"}
			}
		},
		{
			"from": [1.25, 8.75, 2.25],
			"to": [1.5, 9, 2.5],
			"faces": {
				"north": {"uv": [0, 0, 16, 16], "texture": "#5"},
				"east": {"uv": [0, 0, 16, 16], "texture": "#5"},
				"south": {"uv": [0, 0, 16, 16], "texture": "#5"},
				"west": {"uv": [0, 0, 16, 16], "texture": "#5"},
				"up": {"uv": [0, 0, 16, 16], "texture": "#5"},
				"down": {"uv": [0, 0, 16, 16], "texture": "#5"}
			}
		},
		{
			"from": [14.5, 8.75, 2.25],
			"to": [14.75, 9, 2.5],
			"faces": {
				"north": {"uv": [0, 0, 16, 16], "texture": "#5"},
				"east": {"uv": [0, 0, 16, 16], "texture": "#5"},
				"south": {"uv": [0, 0, 16, 16], "texture": "#5"},
				"west": {"uv": [0, 0, 16, 16], "texture": "#5"},
				"up": {"uv": [0, 0, 16, 16], "texture": "#5"},
				"down": {"uv": [0, 0, 16, 16], "texture": "#5"}
			}
		},
		{
			"from": [14.5, 8.75, 15.5],
			"to": [14.75, 9, 15.75],
			"faces": {
				"north": {"uv": [0, 0, 16, 16], "texture": "#5"},
				"east": {"uv": [0, 0, 16, 16], "texture": "#5"},
				"south": {"uv": [0, 0, 16, 16], "texture": "#5"},
				"west": {"uv": [0, 0, 16, 16], "texture": "#5"},
				"up": {"uv": [0, 0, 16, 16], "texture": "#5"},
				"down": {"uv": [0, 0, 16, 16], "texture": "#5"}
			}
		},
		{
			"from": [1.25, 8.75, 15.5],
			"to": [1.5, 9, 15.75],
			"faces": {
				"north": {"uv": [0, 0, 16, 16], "texture": "#5"},
				"east": {"uv": [0, 0, 16, 16], "texture": "#5"},
				"south": {"uv": [0, 0, 16, 16], "texture": "#5"},
				"west": {"uv": [0, 0, 16, 16], "texture": "#5"},
				"up": {"uv": [0, 0, 16, 16], "texture": "#5"},
				"down": {"uv": [0, 0, 16, 16], "texture": "#5"}
			}
		},
		{
			"from": [8.5, 12.5, 8.5],
			"to": [8.75, 12.75, 8.75],
			"faces": {
				"north": {"uv": [0, 0, 2.19342, 2.0625], "texture": "#3"},
				"east": {"uv": [0, 0, 2.19342, 2.0625], "texture": "#3"},
				"south": {"uv": [0, 0, 2.19342, 2.0625], "texture": "#3"},
				"west": {"uv": [0, 0, 2.19342, 2.0625], "texture": "#3"},
				"up": {"uv": [0, 0, 2.19342, 2.0625], "texture": "#3"},
				"down": {"uv": [0, 0, 2.19342, 2.0625], "texture": "#3"}
			}
		},
		{
			"from": [8.5, 12.5, 8.75],
			"to": [8.75, 12.75, 9],
			"faces": {
				"north": {"uv": [0, 0, 2.19342, 2.0625], "texture": "#3"},
				"east": {"uv": [0, 0, 2.19342, 2.0625], "texture": "#3"},
				"south": {"uv": [0, 0, 2.19342, 2.0625], "texture": "#3"},
				"west": {"uv": [0, 0, 2.19342, 2.0625], "texture": "#3"},
				"up": {"uv": [0, 0, 2.19342, 2.0625], "texture": "#3"},
				"down": {"uv": [0, 0, 2.19342, 2.0625], "texture": "#3"}
			}
		},
		{
			"from": [8.5, 12.5, 9],
			"to": [8.75, 12.75, 9.25],
			"faces": {
				"north": {"uv": [0, 0, 2.19342, 2.0625], "texture": "#3"},
				"east": {"uv": [0, 0, 2.19342, 2.0625], "texture": "#3"},
				"south": {"uv": [0, 0, 2.19342, 2.0625], "texture": "#3"},
				"west": {"uv": [0, 0, 2.19342, 2.0625], "texture": "#3"},
				"up": {"uv": [0, 0, 2.19342, 2.0625], "texture": "#3"},
				"down": {"uv": [0, 0, 2.19342, 2.0625], "texture": "#3"}
			}
		},
		{
			"from": [8.5, 12.5, 9.25],
			"to": [8.75, 12.75, 9.5],
			"faces": {
				"north": {"uv": [0, 0, 2.19342, 2.0625], "texture": "#3"},
				"east": {"uv": [0, 0, 2.19342, 2.0625], "texture": "#3"},
				"south": {"uv": [0, 0, 2.19342, 2.0625], "texture": "#3"},
				"west": {"uv": [0, 0, 2.19342, 2.0625], "texture": "#3"},
				"up": {"uv": [0, 0, 2.19342, 2.0625], "texture": "#3"},
				"down": {"uv": [0, 0, 2.19342, 2.0625], "texture": "#3"}
			}
		},
		{
			"from": [8.25, 12.5, 9.5],
			"to": [8.5, 12.75, 9.75],
			"faces": {
				"north": {"uv": [0, 0, 2.19342, 2.0625], "texture": "#3"},
				"east": {"uv": [0, 0, 2.19342, 2.0625], "texture": "#3"},
				"south": {"uv": [0, 0, 2.19342, 2.0625], "texture": "#3"},
				"west": {"uv": [0, 0, 2.19342, 2.0625], "texture": "#3"},
				"up": {"uv": [0, 0, 2.19342, 2.0625], "texture": "#3"},
				"down": {"uv": [0, 0, 2.19342, 2.0625], "texture": "#3"}
			}
		},
		{
			"from": [8, 12.5, 9.5],
			"to": [8.25, 12.75, 9.75],
			"faces": {
				"north": {"uv": [0, 0, 2.19342, 2.0625], "texture": "#3"},
				"east": {"uv": [0, 0, 2.19342, 2.0625], "texture": "#3"},
				"south": {"uv": [0, 0, 2.19342, 2.0625], "texture": "#3"},
				"west": {"uv": [0, 0, 2.19342, 2.0625], "texture": "#3"},
				"up": {"uv": [0, 0, 2.19342, 2.0625], "texture": "#3"},
				"down": {"uv": [0, 0, 2.19342, 2.0625], "texture": "#3"}
			}
		},
		{
			"from": [7.75, 12.5, 9.5],
			"to": [8, 12.75, 9.75],
			"faces": {
				"north": {"uv": [0, 0, 2.19342, 2.0625], "texture": "#3"},
				"east": {"uv": [0, 0, 2.19342, 2.0625], "texture": "#3"},
				"south": {"uv": [0, 0, 2.19342, 2.0625], "texture": "#3"},
				"west": {"uv": [0, 0, 2.19342, 2.0625], "texture": "#3"},
				"up": {"uv": [0, 0, 2.19342, 2.0625], "texture": "#3"},
				"down": {"uv": [0, 0, 2.19342, 2.0625], "texture": "#3"}
			}
		},
		{
			"from": [7.5, 12.5, 9.5],
			"to": [7.75, 12.75, 9.75],
			"faces": {
				"north": {"uv": [0, 0, 2.19342, 2.0625], "texture": "#3"},
				"east": {"uv": [0, 0, 2.19342, 2.0625], "texture": "#3"},
				"south": {"uv": [0, 0, 2.19342, 2.0625], "texture": "#3"},
				"west": {"uv": [0, 0, 2.19342, 2.0625], "texture": "#3"},
				"up": {"uv": [0, 0, 2.19342, 2.0625], "texture": "#3"},
				"down": {"uv": [0, 0, 2.19342, 2.0625], "texture": "#3"}
			}
		},
		{
			"from": [7.25, 12.5, 9.25],
			"to": [7.5, 12.75, 9.5],
			"faces": {
				"north": {"uv": [0, 0, 2.19342, 2.0625], "texture": "#3"},
				"east": {"uv": [0, 0, 2.19342, 2.0625], "texture": "#3"},
				"south": {"uv": [0, 0, 2.19342, 2.0625], "texture": "#3"},
				"west": {"uv": [0, 0, 2.19342, 2.0625], "texture": "#3"},
				"up": {"uv": [0, 0, 2.19342, 2.0625], "texture": "#3"},
				"down": {"uv": [0, 0, 2.19342, 2.0625], "texture": "#3"}
			}
		},
		{
			"from": [7.25, 12.5, 9],
			"to": [7.5, 12.75, 9.25],
			"faces": {
				"north": {"uv": [0, 0, 2.19342, 2.0625], "texture": "#3"},
				"east": {"uv": [0, 0, 2.19342, 2.0625], "texture": "#3"},
				"south": {"uv": [0, 0, 2.19342, 2.0625], "texture": "#3"},
				"west": {"uv": [0, 0, 2.19342, 2.0625], "texture": "#3"},
				"up": {"uv": [0, 0, 2.19342, 2.0625], "texture": "#3"},
				"down": {"uv": [0, 0, 2.19342, 2.0625], "texture": "#3"}
			}
		},
		{
			"from": [7.25, 12.5, 8.75],
			"to": [7.5, 12.75, 9],
			"faces": {
				"north": {"uv": [0, 0, 2.19342, 2.0625], "texture": "#3"},
				"east": {"uv": [0, 0, 2.19342, 2.0625], "texture": "#3"},
				"south": {"uv": [0, 0, 2.19342, 2.0625], "texture": "#3"},
				"west": {"uv": [0, 0, 2.19342, 2.0625], "texture": "#3"},
				"up": {"uv": [0, 0, 2.19342, 2.0625], "texture": "#3"},
				"down": {"uv": [0, 0, 2.19342, 2.0625], "texture": "#3"}
			}
		},
		{
			"from": [7.25, 12.5, 8.5],
			"to": [7.5, 12.75, 8.75],
			"faces": {
				"north": {"uv": [0, 0, 2.19342, 2.0625], "texture": "#3"},
				"east": {"uv": [0, 0, 2.19342, 2.0625], "texture": "#3"},
				"south": {"uv": [0, 0, 2.19342, 2.0625], "texture": "#3"},
				"west": {"uv": [0, 0, 2.19342, 2.0625], "texture": "#3"},
				"up": {"uv": [0, 0, 2.19342, 2.0625], "texture": "#3"},
				"down": {"uv": [0, 0, 2.19342, 2.0625], "texture": "#3"}
			}
		},
		{
			"from": [7.5, 12.5, 8.25],
			"to": [7.75, 12.75, 8.5],
			"faces": {
				"north": {"uv": [0, 0, 2.19342, 2.0625], "texture": "#3"},
				"east": {"uv": [0, 0, 2.19342, 2.0625], "texture": "#3"},
				"south": {"uv": [0, 0, 2.19342, 2.0625], "texture": "#3"},
				"west": {"uv": [0, 0, 2.19342, 2.0625], "texture": "#3"},
				"up": {"uv": [0, 0, 2.19342, 2.0625], "texture": "#3"},
				"down": {"uv": [0, 0, 2.19342, 2.0625], "texture": "#3"}
			}
		},
		{
			"from": [7.75, 12.5, 8.25],
			"to": [8, 12.75, 8.5],
			"faces": {
				"north": {"uv": [0, 0, 2.19342, 2.0625], "texture": "#3"},
				"east": {"uv": [0, 0, 2.19342, 2.0625], "texture": "#3"},
				"south": {"uv": [0, 0, 2.19342, 2.0625], "texture": "#3"},
				"west": {"uv": [0, 0, 2.19342, 2.0625], "texture": "#3"},
				"up": {"uv": [0, 0, 2.19342, 2.0625], "texture": "#3"},
				"down": {"uv": [0, 0, 2.19342, 2.0625], "texture": "#3"}
			}
		},
		{
			"from": [8, 12.5, 8.25],
			"to": [8.25, 12.75, 8.5],
			"faces": {
				"north": {"uv": [0, 0, 2.19342, 2.0625], "texture": "#3"},
				"east": {"uv": [0, 0, 2.19342, 2.0625], "texture": "#3"},
				"south": {"uv": [0, 0, 2.19342, 2.0625], "texture": "#3"},
				"west": {"uv": [0, 0, 2.19342, 2.0625], "texture": "#3"},
				"up": {"uv": [0, 0, 2.19342, 2.0625], "texture": "#3"},
				"down": {"uv": [0, 0, 2.19342, 2.0625], "texture": "#3"}
			}
		},
		{
			"from": [8.25, 12.5, 8.25],
			"to": [8.5, 12.75, 8.5],
			"faces": {
				"north": {"uv": [0, 0, 2.19342, 2.0625], "texture": "#3"},
				"east": {"uv": [0, 0, 2.19342, 2.0625], "texture": "#3"},
				"south": {"uv": [0, 0, 2.19342, 2.0625], "texture": "#3"},
				"west": {"uv": [0, 0, 2.19342, 2.0625], "texture": "#3"},
				"up": {"uv": [0, 0, 2.19342, 2.0625], "texture": "#3"},
				"down": {"uv": [0, 0, 2.19342, 2.0625], "texture": "#3"}
			}
		},
		{
			"from": [7.5, 12.75, 9.25],
			"to": [7.75, 13, 9.5],
			"faces": {
				"north": {"uv": [0, 0, 2.19342, 2.0625], "texture": "#3"},
				"east": {"uv": [0, 0, 2.19342, 2.0625], "texture": "#3"},
				"south": {"uv": [0, 0, 2.19342, 2.0625], "texture": "#3"},
				"west": {"uv": [0, 0, 2.19342, 2.0625], "texture": "#3"},
				"up": {"uv": [0, 0, 2.19342, 2.0625], "texture": "#3"},
				"down": {"uv": [0, 0, 2.19342, 2.0625], "texture": "#3"}
			}
		},
		{
			"from": [7.75, 12.75, 9.25],
			"to": [8, 13, 9.5],
			"faces": {
				"north": {"uv": [0, 0, 2.19342, 2.0625], "texture": "#3"},
				"east": {"uv": [0, 0, 2.19342, 2.0625], "texture": "#3"},
				"south": {"uv": [0, 0, 2.19342, 2.0625], "texture": "#3"},
				"west": {"uv": [0, 0, 2.19342, 2.0625], "texture": "#3"},
				"up": {"uv": [0, 0, 2.19342, 2.0625], "texture": "#3"},
				"down": {"uv": [0, 0, 2.19342, 2.0625], "texture": "#3"}
			}
		},
		{
			"from": [8, 12.75, 9.25],
			"to": [8.25, 13, 9.5],
			"faces": {
				"north": {"uv": [0, 0, 2.19342, 2.0625], "texture": "#3"},
				"east": {"uv": [0, 0, 2.19342, 2.0625], "texture": "#3"},
				"south": {"uv": [0, 0, 2.19342, 2.0625], "texture": "#3"},
				"west": {"uv": [0, 0, 2.19342, 2.0625], "texture": "#3"},
				"up": {"uv": [0, 0, 2.19342, 2.0625], "texture": "#3"},
				"down": {"uv": [0, 0, 2.19342, 2.0625], "texture": "#3"}
			}
		},
		{
			"from": [7.5, 12.75, 9],
			"to": [7.75, 13, 9.25],
			"faces": {
				"north": {"uv": [0, 0, 2.19342, 2.0625], "texture": "#3"},
				"east": {"uv": [0, 0, 2.19342, 2.0625], "texture": "#3"},
				"south": {"uv": [0, 0, 2.19342, 2.0625], "texture": "#3"},
				"west": {"uv": [0, 0, 2.19342, 2.0625], "texture": "#3"},
				"up": {"uv": [0, 0, 2.19342, 2.0625], "texture": "#3"},
				"down": {"uv": [0, 0, 2.19342, 2.0625], "texture": "#3"}
			}
		},
		{
			"from": [8.25, 12.75, 9.25],
			"to": [8.5, 13, 9.5],
			"faces": {
				"north": {"uv": [0, 0, 2.19342, 2.0625], "texture": "#3"},
				"east": {"uv": [0, 0, 2.19342, 2.0625], "texture": "#3"},
				"south": {"uv": [0, 0, 2.19342, 2.0625], "texture": "#3"},
				"west": {"uv": [0, 0, 2.19342, 2.0625], "texture": "#3"},
				"up": {"uv": [0, 0, 2.19342, 2.0625], "texture": "#3"},
				"down": {"uv": [0, 0, 2.19342, 2.0625], "texture": "#3"}
			}
		},
		{
			"from": [8.25, 12.75, 9],
			"to": [8.5, 13, 9.25],
			"faces": {
				"north": {"uv": [0, 0, 2.19342, 2.0625], "texture": "#3"},
				"east": {"uv": [0, 0, 2.19342, 2.0625], "texture": "#3"},
				"south": {"uv": [0, 0, 2.19342, 2.0625], "texture": "#3"},
				"west": {"uv": [0, 0, 2.19342, 2.0625], "texture": "#3"},
				"up": {"uv": [0, 0, 2.19342, 2.0625], "texture": "#3"},
				"down": {"uv": [0, 0, 2.19342, 2.0625], "texture": "#3"}
			}
		},
		{
			"from": [7.5, 12.75, 8.75],
			"to": [7.75, 13, 9],
			"faces": {
				"north": {"uv": [0, 0, 2.19342, 2.0625], "texture": "#3"},
				"east": {"uv": [0, 0, 2.19342, 2.0625], "texture": "#3"},
				"south": {"uv": [0, 0, 2.19342, 2.0625], "texture": "#3"},
				"west": {"uv": [0, 0, 2.19342, 2.0625], "texture": "#3"},
				"up": {"uv": [0, 0, 2.19342, 2.0625], "texture": "#3"},
				"down": {"uv": [0, 0, 2.19342, 2.0625], "texture": "#3"}
			}
		},
		{
			"from": [7.5, 12.75, 8.5],
			"to": [7.75, 13, 8.75],
			"faces": {
				"north": {"uv": [0, 0, 2.19342, 2.0625], "texture": "#3"},
				"east": {"uv": [0, 0, 2.19342, 2.0625], "texture": "#3"},
				"south": {"uv": [0, 0, 2.19342, 2.0625], "texture": "#3"},
				"west": {"uv": [0, 0, 2.19342, 2.0625], "texture": "#3"},
				"up": {"uv": [0, 0, 2.19342, 2.0625], "texture": "#3"},
				"down": {"uv": [0, 0, 2.19342, 2.0625], "texture": "#3"}
			}
		},
		{
			"from": [7.75, 12.75, 8.5],
			"to": [8, 13, 8.75],
			"faces": {
				"north": {"uv": [0, 0, 2.19342, 2.0625], "texture": "#3"},
				"east": {"uv": [0, 0, 2.19342, 2.0625], "texture": "#3"},
				"south": {"uv": [0, 0, 2.19342, 2.0625], "texture": "#3"},
				"west": {"uv": [0, 0, 2.19342, 2.0625], "texture": "#3"},
				"up": {"uv": [0, 0, 2.19342, 2.0625], "texture": "#3"},
				"down": {"uv": [0, 0, 2.19342, 2.0625], "texture": "#3"}
			}
		},
		{
			"from": [8, 12.75, 8.5],
			"to": [8.25, 13, 8.75],
			"faces": {
				"north": {"uv": [0, 0, 2.19342, 2.0625], "texture": "#3"},
				"east": {"uv": [0, 0, 2.19342, 2.0625], "texture": "#3"},
				"south": {"uv": [0, 0, 2.19342, 2.0625], "texture": "#3"},
				"west": {"uv": [0, 0, 2.19342, 2.0625], "texture": "#3"},
				"up": {"uv": [0, 0, 2.19342, 2.0625], "texture": "#3"},
				"down": {"uv": [0, 0, 2.19342, 2.0625], "texture": "#3"}
			}
		},
		{
			"from": [8.25, 12.75, 8.5],
			"to": [8.5, 13, 8.75],
			"faces": {
				"north": {"uv": [0, 0, 2.19342, 2.0625], "texture": "#3"},
				"east": {"uv": [0, 0, 2.19342, 2.0625], "texture": "#3"},
				"south": {"uv": [0, 0, 2.19342, 2.0625], "texture": "#3"},
				"west": {"uv": [0, 0, 2.19342, 2.0625], "texture": "#3"},
				"up": {"uv": [0, 0, 2.19342, 2.0625], "texture": "#3"},
				"down": {"uv": [0, 0, 2.19342, 2.0625], "texture": "#3"}
			}
		},
		{
			"from": [8.25, 12.75, 8.75],
			"to": [8.5, 13, 9],
			"faces": {
				"north": {"uv": [0, 0, 2.19342, 2.0625], "texture": "#3"},
				"east": {"uv": [0, 0, 2.19342, 2.0625], "texture": "#3"},
				"south": {"uv": [0, 0, 2.19342, 2.0625], "texture": "#3"},
				"west": {"uv": [0, 0, 2.19342, 2.0625], "texture": "#3"},
				"up": {"uv": [0, 0, 2.19342, 2.0625], "texture": "#3"},
				"down": {"uv": [0, 0, 2.19342, 2.0625], "texture": "#3"}
			}
		},
		{
			"from": [7.75, 13, 9],
			"to": [8, 13.25, 9.25],
			"faces": {
				"north": {"uv": [0, 0, 2.19342, 2.0625], "texture": "#3"},
				"east": {"uv": [0, 0, 2.19342, 2.0625], "texture": "#3"},
				"south": {"uv": [0, 0, 2.19342, 2.0625], "texture": "#3"},
				"west": {"uv": [0, 0, 2.19342, 2.0625], "texture": "#3"},
				"up": {"uv": [0, 0, 2.19342, 2.0625], "texture": "#3"},
				"down": {"uv": [0, 0, 2.19342, 2.0625], "texture": "#3"}
			}
		},
		{
			"from": [8, 13, 9],
			"to": [8.25, 13.25, 9.25],
			"faces": {
				"north": {"uv": [0, 0, 2.19342, 2.0625], "texture": "#3"},
				"east": {"uv": [0, 0, 2.19342, 2.0625], "texture": "#3"},
				"south": {"uv": [0, 0, 2.19342, 2.0625], "texture": "#3"},
				"west": {"uv": [0, 0, 2.19342, 2.0625], "texture": "#3"},
				"up": {"uv": [0, 0, 2.19342, 2.0625], "texture": "#3"},
				"down": {"uv": [0, 0, 2.19342, 2.0625], "texture": "#3"}
			}
		},
		{
			"from": [8, 13, 8.75],
			"to": [8.25, 13.25, 9],
			"faces": {
				"north": {"uv": [0, 0, 2.19342, 2.0625], "texture": "#3"},
				"east": {"uv": [0, 0, 2.19342, 2.0625], "texture": "#3"},
				"south": {"uv": [0, 0, 2.19342, 2.0625], "texture": "#3"},
				"west": {"uv": [0, 0, 2.19342, 2.0625], "texture": "#3"},
				"up": {"uv": [0, 0, 2.19342, 2.0625], "texture": "#3"},
				"down": {"uv": [0, 0, 2.19342, 2.0625], "texture": "#3"}
			}
		},
		{
			"from": [7.75, 13, 8.75],
			"to": [8, 13.25, 9],
			"faces": {
				"north": {"uv": [0, 0, 2.19342, 2.0625], "texture": "#3"},
				"east": {"uv": [0, 0, 2.19342, 2.0625], "texture": "#3"},
				"south": {"uv": [0, 0, 2.19342, 2.0625], "texture": "#3"},
				"west": {"uv": [0, 0, 2.19342, 2.0625], "texture": "#3"},
				"up": {"uv": [0, 0, 2.19342, 2.0625], "texture": "#3"},
				"down": {"uv": [0, 0, 2.19342, 2.0625], "texture": "#3"}
			}
		},
		{
			"from": [8.5, 12, 8.25],
			"to": [8.75, 12.25, 8.5],
			"faces": {
				"north": {"uv": [0, 0, 2.19342, 2.0625], "texture": "#3"},
				"east": {"uv": [0, 0, 2.19342, 2.0625], "texture": "#3"},
				"south": {"uv": [0, 0, 2.19342, 2.0625], "texture": "#3"},
				"west": {"uv": [0, 0, 2.19342, 2.0625], "texture": "#3"},
				"up": {"uv": [0, 0, 2.19342, 2.0625], "texture": "#3"},
				"down": {"uv": [0, 0, 2.19342, 2.0625], "texture": "#3"}
			}
		},
		{
			"from": [8.25, 12, 8],
			"to": [8.5, 12.25, 8.25],
			"faces": {
				"north": {"uv": [0, 0, 2.19342, 2.0625], "texture": "#3"},
				"east": {"uv": [0, 0, 2.19342, 2.0625], "texture": "#3"},
				"south": {"uv": [0, 0, 2.19342, 2.0625], "texture": "#3"},
				"west": {"uv": [0, 0, 2.19342, 2.0625], "texture": "#3"},
				"up": {"uv": [0, 0, 2.19342, 2.0625], "texture": "#3"},
				"down": {"uv": [0, 0, 2.19342, 2.0625], "texture": "#3"}
			}
		},
		{
			"from": [8.5, 12.25, 8.25],
			"to": [8.75, 12.5, 8.5],
			"faces": {
				"north": {"uv": [0, 0, 2.19342, 2.0625], "texture": "#3"},
				"east": {"uv": [0, 0, 2.19342, 2.0625], "texture": "#3"},
				"south": {"uv": [0, 0, 2.19342, 2.0625], "texture": "#3"},
				"west": {"uv": [0, 0, 2.19342, 2.0625], "texture": "#3"},
				"up": {"uv": [0, 0, 2.19342, 2.0625], "texture": "#3"},
				"down": {"uv": [0, 0, 2.19342, 2.0625], "texture": "#3"}
			}
		},
		{
			"from": [8.25, 12, 8.25],
			"to": [8.5, 12.25, 8.5],
			"faces": {
				"north": {"uv": [0, 0, 2.19342, 2.0625], "texture": "#3"},
				"east": {"uv": [0, 0, 2.19342, 2.0625], "texture": "#3"},
				"south": {"uv": [0, 0, 2.19342, 2.0625], "texture": "#3"},
				"west": {"uv": [0, 0, 2.19342, 2.0625], "texture": "#3"},
				"up": {"uv": [0, 0, 2.19342, 2.0625], "texture": "#3"},
				"down": {"uv": [0, 0, 2.19342, 2.0625], "texture": "#3"}
			}
		},
		{
			"from": [8.25, 12.25, 8.25],
			"to": [8.5, 12.5, 8.5],
			"faces": {
				"north": {"uv": [0, 0, 2.19342, 2.0625], "texture": "#3"},
				"east": {"uv": [0, 0, 2.19342, 2.0625], "texture": "#3"},
				"south": {"uv": [0, 0, 2.19342, 2.0625], "texture": "#3"},
				"west": {"uv": [0, 0, 2.19342, 2.0625], "texture": "#3"},
				"up": {"uv": [0, 0, 2.19342, 2.0625], "texture": "#3"},
				"down": {"uv": [0, 0, 2.19342, 2.0625], "texture": "#3"}
			}
		},
		{
			"from": [8, 12, 8.25],
			"to": [8.25, 12.25, 8.5],
			"faces": {
				"north": {"uv": [0, 0, 2.19342, 2.0625], "texture": "#3"},
				"east": {"uv": [0, 0, 2.19342, 2.0625], "texture": "#3"},
				"south": {"uv": [0, 0, 2.19342, 2.0625], "texture": "#3"},
				"west": {"uv": [0, 0, 2.19342, 2.0625], "texture": "#3"},
				"up": {"uv": [0, 0, 2.19342, 2.0625], "texture": "#3"},
				"down": {"uv": [0, 0, 2.19342, 2.0625], "texture": "#3"}
			}
		},
		{
			"from": [8, 12.25, 8.25],
			"to": [8.25, 12.5, 8.5],
			"faces": {
				"north": {"uv": [0, 0, 2.19342, 2.0625], "texture": "#3"},
				"east": {"uv": [0, 0, 2.19342, 2.0625], "texture": "#3"},
				"south": {"uv": [0, 0, 2.19342, 2.0625], "texture": "#3"},
				"west": {"uv": [0, 0, 2.19342, 2.0625], "texture": "#3"},
				"up": {"uv": [0, 0, 2.19342, 2.0625], "texture": "#3"},
				"down": {"uv": [0, 0, 2.19342, 2.0625], "texture": "#3"}
			}
		},
		{
			"from": [7.75, 12, 8.25],
			"to": [8, 12.25, 8.5],
			"faces": {
				"north": {"uv": [0, 0, 2.19342, 2.0625], "texture": "#3"},
				"east": {"uv": [0, 0, 2.19342, 2.0625], "texture": "#3"},
				"south": {"uv": [0, 0, 2.19342, 2.0625], "texture": "#3"},
				"west": {"uv": [0, 0, 2.19342, 2.0625], "texture": "#3"},
				"up": {"uv": [0, 0, 2.19342, 2.0625], "texture": "#3"},
				"down": {"uv": [0, 0, 2.19342, 2.0625], "texture": "#3"}
			}
		},
		{
			"from": [7.75, 12.25, 8.25],
			"to": [8, 12.5, 8.5],
			"faces": {
				"north": {"uv": [0, 0, 2.19342, 2.0625], "texture": "#3"},
				"east": {"uv": [0, 0, 2.19342, 2.0625], "texture": "#3"},
				"south": {"uv": [0, 0, 2.19342, 2.0625], "texture": "#3"},
				"west": {"uv": [0, 0, 2.19342, 2.0625], "texture": "#3"},
				"up": {"uv": [0, 0, 2.19342, 2.0625], "texture": "#3"},
				"down": {"uv": [0, 0, 2.19342, 2.0625], "texture": "#3"}
			}
		},
		{
			"from": [7.5, 12, 8.25],
			"to": [7.75, 12.25, 8.5],
			"faces": {
				"north": {"uv": [0, 0, 2.19342, 2.0625], "texture": "#3"},
				"east": {"uv": [0, 0, 2.19342, 2.0625], "texture": "#3"},
				"south": {"uv": [0, 0, 2.19342, 2.0625], "texture": "#3"},
				"west": {"uv": [0, 0, 2.19342, 2.0625], "texture": "#3"},
				"up": {"uv": [0, 0, 2.19342, 2.0625], "texture": "#3"},
				"down": {"uv": [0, 0, 2.19342, 2.0625], "texture": "#3"}
			}
		},
		{
			"from": [7.5, 12.25, 8.25],
			"to": [7.75, 12.5, 8.5],
			"faces": {
				"north": {"uv": [0, 0, 2.19342, 2.0625], "texture": "#3"},
				"east": {"uv": [0, 0, 2.19342, 2.0625], "texture": "#3"},
				"south": {"uv": [0, 0, 2.19342, 2.0625], "texture": "#3"},
				"west": {"uv": [0, 0, 2.19342, 2.0625], "texture": "#3"},
				"up": {"uv": [0, 0, 2.19342, 2.0625], "texture": "#3"},
				"down": {"uv": [0, 0, 2.19342, 2.0625], "texture": "#3"}
			}
		},
		{
			"from": [8, 12, 8],
			"to": [8.25, 12.25, 8.25],
			"faces": {
				"north": {"uv": [0, 0, 2.19342, 2.0625], "texture": "#3"},
				"east": {"uv": [0, 0, 2.19342, 2.0625], "texture": "#3"},
				"south": {"uv": [0, 0, 2.19342, 2.0625], "texture": "#3"},
				"west": {"uv": [0, 0, 2.19342, 2.0625], "texture": "#3"},
				"up": {"uv": [0, 0, 2.19342, 2.0625], "texture": "#3"},
				"down": {"uv": [0, 0, 2.19342, 2.0625], "texture": "#3"}
			}
		},
		{
			"from": [7.75, 12, 8],
			"to": [8, 12.25, 8.25],
			"faces": {
				"north": {"uv": [0, 0, 2.19342, 2.0625], "texture": "#3"},
				"east": {"uv": [0, 0, 2.19342, 2.0625], "texture": "#3"},
				"south": {"uv": [0, 0, 2.19342, 2.0625], "texture": "#3"},
				"west": {"uv": [0, 0, 2.19342, 2.0625], "texture": "#3"},
				"up": {"uv": [0, 0, 2.19342, 2.0625], "texture": "#3"},
				"down": {"uv": [0, 0, 2.19342, 2.0625], "texture": "#3"}
			}
		},
		{
			"from": [7.5, 12, 8],
			"to": [7.75, 12.25, 8.25],
			"faces": {
				"north": {"uv": [0, 0, 2.19342, 2.0625], "texture": "#3"},
				"east": {"uv": [0, 0, 2.19342, 2.0625], "texture": "#3"},
				"south": {"uv": [0, 0, 2.19342, 2.0625], "texture": "#3"},
				"west": {"uv": [0, 0, 2.19342, 2.0625], "texture": "#3"},
				"up": {"uv": [0, 0, 2.19342, 2.0625], "texture": "#3"},
				"down": {"uv": [0, 0, 2.19342, 2.0625], "texture": "#3"}
			}
		},
		{
			"from": [8, 12.25, 8],
			"to": [8.25, 12.5, 8.25],
			"faces": {
				"north": {"uv": [0, 0, 2.19342, 2.0625], "texture": "#3"},
				"east": {"uv": [0, 0, 2.19342, 2.0625], "texture": "#3"},
				"south": {"uv": [0, 0, 2.19342, 2.0625], "texture": "#3"},
				"west": {"uv": [0, 0, 2.19342, 2.0625], "texture": "#3"},
				"up": {"uv": [0, 0, 2.19342, 2.0625], "texture": "#3"},
				"down": {"uv": [0, 0, 2.19342, 2.0625], "texture": "#3"}
			}
		},
		{
			"from": [7.75, 12.25, 8],
			"to": [8, 12.5, 8.25],
			"faces": {
				"north": {"uv": [0, 0, 2.19342, 2.0625], "texture": "#3"},
				"east": {"uv": [0, 0, 2.19342, 2.0625], "texture": "#3"},
				"south": {"uv": [0, 0, 2.19342, 2.0625], "texture": "#3"},
				"west": {"uv": [0, 0, 2.19342, 2.0625], "texture": "#3"},
				"up": {"uv": [0, 0, 2.19342, 2.0625], "texture": "#3"},
				"down": {"uv": [0, 0, 2.19342, 2.0625], "texture": "#3"}
			}
		},
		{
			"from": [7.25, 12, 8.25],
			"to": [7.5, 12.25, 8.5],
			"faces": {
				"north": {"uv": [0, 0, 2.19342, 2.0625], "texture": "#3"},
				"east": {"uv": [0, 0, 2.19342, 2.0625], "texture": "#3"},
				"south": {"uv": [0, 0, 2.19342, 2.0625], "texture": "#3"},
				"west": {"uv": [0, 0, 2.19342, 2.0625], "texture": "#3"},
				"up": {"uv": [0, 0, 2.19342, 2.0625], "texture": "#3"},
				"down": {"uv": [0, 0, 2.19342, 2.0625], "texture": "#3"}
			}
		},
		{
			"from": [7.25, 12.25, 8.25],
			"to": [7.5, 12.5, 8.5],
			"faces": {
				"north": {"uv": [0, 0, 2.19342, 2.0625], "texture": "#3"},
				"east": {"uv": [0, 0, 2.19342, 2.0625], "texture": "#3"},
				"south": {"uv": [0, 0, 2.19342, 2.0625], "texture": "#3"},
				"west": {"uv": [0, 0, 2.19342, 2.0625], "texture": "#3"},
				"up": {"uv": [0, 0, 2.19342, 2.0625], "texture": "#3"},
				"down": {"uv": [0, 0, 2.19342, 2.0625], "texture": "#3"}
			}
		},
		{
			"from": [7.25, 12, 8.5],
			"to": [7.5, 12.25, 8.75],
			"faces": {
				"north": {"uv": [0, 0, 2.19342, 2.0625], "texture": "#3"},
				"east": {"uv": [0, 0, 2.19342, 2.0625], "texture": "#3"},
				"south": {"uv": [0, 0, 2.19342, 2.0625], "texture": "#3"},
				"west": {"uv": [0, 0, 2.19342, 2.0625], "texture": "#3"},
				"up": {"uv": [0, 0, 2.19342, 2.0625], "texture": "#3"},
				"down": {"uv": [0, 0, 2.19342, 2.0625], "texture": "#3"}
			}
		},
		{
			"from": [7.25, 12.25, 8.5],
			"to": [7.5, 12.5, 8.75],
			"faces": {
				"north": {"uv": [0, 0, 2.19342, 2.0625], "texture": "#3"},
				"east": {"uv": [0, 0, 2.19342, 2.0625], "texture": "#3"},
				"south": {"uv": [0, 0, 2.19342, 2.0625], "texture": "#3"},
				"west": {"uv": [0, 0, 2.19342, 2.0625], "texture": "#3"},
				"up": {"uv": [0, 0, 2.19342, 2.0625], "texture": "#3"},
				"down": {"uv": [0, 0, 2.19342, 2.0625], "texture": "#3"}
			}
		},
		{
			"from": [7, 12, 8.5],
			"to": [7.25, 12.25, 8.75],
			"faces": {
				"north": {"uv": [0, 0, 2.19342, 2.0625], "texture": "#3"},
				"east": {"uv": [0, 0, 2.19342, 2.0625], "texture": "#3"},
				"south": {"uv": [0, 0, 2.19342, 2.0625], "texture": "#3"},
				"west": {"uv": [0, 0, 2.19342, 2.0625], "texture": "#3"},
				"up": {"uv": [0, 0, 2.19342, 2.0625], "texture": "#3"},
				"down": {"uv": [0, 0, 2.19342, 2.0625], "texture": "#3"}
			}
		},
		{
			"from": [7.25, 12, 8.75],
			"to": [7.5, 12.25, 9],
			"faces": {
				"north": {"uv": [0, 0, 2.19342, 2.0625], "texture": "#3"},
				"east": {"uv": [0, 0, 2.19342, 2.0625], "texture": "#3"},
				"south": {"uv": [0, 0, 2.19342, 2.0625], "texture": "#3"},
				"west": {"uv": [0, 0, 2.19342, 2.0625], "texture": "#3"},
				"up": {"uv": [0, 0, 2.19342, 2.0625], "texture": "#3"},
				"down": {"uv": [0, 0, 2.19342, 2.0625], "texture": "#3"}
			}
		},
		{
			"from": [7.25, 12.25, 8.75],
			"to": [7.5, 12.5, 9],
			"faces": {
				"north": {"uv": [0, 0, 2.19342, 2.0625], "texture": "#3"},
				"east": {"uv": [0, 0, 2.19342, 2.0625], "texture": "#3"},
				"south": {"uv": [0, 0, 2.19342, 2.0625], "texture": "#3"},
				"west": {"uv": [0, 0, 2.19342, 2.0625], "texture": "#3"},
				"up": {"uv": [0, 0, 2.19342, 2.0625], "texture": "#3"},
				"down": {"uv": [0, 0, 2.19342, 2.0625], "texture": "#3"}
			}
		},
		{
			"from": [7.25, 12, 9],
			"to": [7.5, 12.25, 9.25],
			"faces": {
				"north": {"uv": [0, 0, 2.19342, 2.0625], "texture": "#3"},
				"east": {"uv": [0, 0, 2.19342, 2.0625], "texture": "#3"},
				"south": {"uv": [0, 0, 2.19342, 2.0625], "texture": "#3"},
				"west": {"uv": [0, 0, 2.19342, 2.0625], "texture": "#3"},
				"up": {"uv": [0, 0, 2.19342, 2.0625], "texture": "#3"},
				"down": {"uv": [0, 0, 2.19342, 2.0625], "texture": "#3"}
			}
		},
		{
			"from": [7.25, 12.25, 9],
			"to": [7.5, 12.5, 9.25],
			"faces": {
				"north": {"uv": [0, 0, 2.19342, 2.0625], "texture": "#3"},
				"east": {"uv": [0, 0, 2.19342, 2.0625], "texture": "#3"},
				"south": {"uv": [0, 0, 2.19342, 2.0625], "texture": "#3"},
				"west": {"uv": [0, 0, 2.19342, 2.0625], "texture": "#3"},
				"up": {"uv": [0, 0, 2.19342, 2.0625], "texture": "#3"},
				"down": {"uv": [0, 0, 2.19342, 2.0625], "texture": "#3"}
			}
		},
		{
			"from": [7.25, 12, 9.25],
			"to": [7.5, 12.25, 9.5],
			"faces": {
				"north": {"uv": [0, 0, 2.19342, 2.0625], "texture": "#3"},
				"east": {"uv": [0, 0, 2.19342, 2.0625], "texture": "#3"},
				"south": {"uv": [0, 0, 2.19342, 2.0625], "texture": "#3"},
				"west": {"uv": [0, 0, 2.19342, 2.0625], "texture": "#3"},
				"up": {"uv": [0, 0, 2.19342, 2.0625], "texture": "#3"},
				"down": {"uv": [0, 0, 2.19342, 2.0625], "texture": "#3"}
			}
		},
		{
			"from": [7.25, 12.25, 9.25],
			"to": [7.5, 12.5, 9.5],
			"faces": {
				"north": {"uv": [0, 0, 2.19342, 2.0625], "texture": "#3"},
				"east": {"uv": [0, 0, 2.19342, 2.0625], "texture": "#3"},
				"south": {"uv": [0, 0, 2.19342, 2.0625], "texture": "#3"},
				"west": {"uv": [0, 0, 2.19342, 2.0625], "texture": "#3"},
				"up": {"uv": [0, 0, 2.19342, 2.0625], "texture": "#3"},
				"down": {"uv": [0, 0, 2.19342, 2.0625], "texture": "#3"}
			}
		},
		{
			"from": [7, 12, 8.75],
			"to": [7.25, 12.25, 9],
			"faces": {
				"north": {"uv": [0, 0, 2.19342, 2.0625], "texture": "#3"},
				"east": {"uv": [0, 0, 2.19342, 2.0625], "texture": "#3"},
				"south": {"uv": [0, 0, 2.19342, 2.0625], "texture": "#3"},
				"west": {"uv": [0, 0, 2.19342, 2.0625], "texture": "#3"},
				"up": {"uv": [0, 0, 2.19342, 2.0625], "texture": "#3"},
				"down": {"uv": [0, 0, 2.19342, 2.0625], "texture": "#3"}
			}
		},
		{
			"from": [7, 12, 9],
			"to": [7.25, 12.25, 9.25],
			"faces": {
				"north": {"uv": [0, 0, 2.19342, 2.0625], "texture": "#3"},
				"east": {"uv": [0, 0, 2.19342, 2.0625], "texture": "#3"},
				"south": {"uv": [0, 0, 2.19342, 2.0625], "texture": "#3"},
				"west": {"uv": [0, 0, 2.19342, 2.0625], "texture": "#3"},
				"up": {"uv": [0, 0, 2.19342, 2.0625], "texture": "#3"},
				"down": {"uv": [0, 0, 2.19342, 2.0625], "texture": "#3"}
			}
		},
		{
			"from": [7, 12, 9.25],
			"to": [7.25, 12.25, 9.5],
			"faces": {
				"north": {"uv": [0, 0, 2.19342, 2.0625], "texture": "#3"},
				"east": {"uv": [0, 0, 2.19342, 2.0625], "texture": "#3"},
				"south": {"uv": [0, 0, 2.19342, 2.0625], "texture": "#3"},
				"west": {"uv": [0, 0, 2.19342, 2.0625], "texture": "#3"},
				"up": {"uv": [0, 0, 2.19342, 2.0625], "texture": "#3"},
				"down": {"uv": [0, 0, 2.19342, 2.0625], "texture": "#3"}
			}
		},
		{
			"from": [7.25, 12, 9.5],
			"to": [7.5, 12.25, 9.75],
			"faces": {
				"north": {"uv": [0, 0, 2.19342, 2.0625], "texture": "#3"},
				"east": {"uv": [0, 0, 2.19342, 2.0625], "texture": "#3"},
				"south": {"uv": [0, 0, 2.19342, 2.0625], "texture": "#3"},
				"west": {"uv": [0, 0, 2.19342, 2.0625], "texture": "#3"},
				"up": {"uv": [0, 0, 2.19342, 2.0625], "texture": "#3"},
				"down": {"uv": [0, 0, 2.19342, 2.0625], "texture": "#3"}
			}
		},
		{
			"from": [7.25, 12.25, 9.5],
			"to": [7.5, 12.5, 9.75],
			"faces": {
				"north": {"uv": [0, 0, 2.19342, 2.0625], "texture": "#3"},
				"east": {"uv": [0, 0, 2.19342, 2.0625], "texture": "#3"},
				"south": {"uv": [0, 0, 2.19342, 2.0625], "texture": "#3"},
				"west": {"uv": [0, 0, 2.19342, 2.0625], "texture": "#3"},
				"up": {"uv": [0, 0, 2.19342, 2.0625], "texture": "#3"},
				"down": {"uv": [0, 0, 2.19342, 2.0625], "texture": "#3"}
			}
		},
		{
			"from": [7, 12.25, 8.75],
			"to": [7.25, 12.5, 9],
			"faces": {
				"north": {"uv": [0, 0, 2.19342, 2.0625], "texture": "#3"},
				"east": {"uv": [0, 0, 2.19342, 2.0625], "texture": "#3"},
				"south": {"uv": [0, 0, 2.19342, 2.0625], "texture": "#3"},
				"west": {"uv": [0, 0, 2.19342, 2.0625], "texture": "#3"},
				"up": {"uv": [0, 0, 2.19342, 2.0625], "texture": "#3"},
				"down": {"uv": [0, 0, 2.19342, 2.0625], "texture": "#3"}
			}
		},
		{
			"from": [7, 12.25, 9],
			"to": [7.25, 12.5, 9.25],
			"faces": {
				"north": {"uv": [0, 0, 2.19342, 2.0625], "texture": "#3"},
				"east": {"uv": [0, 0, 2.19342, 2.0625], "texture": "#3"},
				"south": {"uv": [0, 0, 2.19342, 2.0625], "texture": "#3"},
				"west": {"uv": [0, 0, 2.19342, 2.0625], "texture": "#3"},
				"up": {"uv": [0, 0, 2.19342, 2.0625], "texture": "#3"},
				"down": {"uv": [0, 0, 2.19342, 2.0625], "texture": "#3"}
			}
		},
		{
			"from": [7.5, 12, 9.75],
			"to": [7.75, 12.25, 10],
			"faces": {
				"north": {"uv": [0, 0, 2.19342, 2.0625], "texture": "#3"},
				"east": {"uv": [0, 0, 2.19342, 2.0625], "texture": "#3"},
				"south": {"uv": [0, 0, 2.19342, 2.0625], "texture": "#3"},
				"west": {"uv": [0, 0, 2.19342, 2.0625], "texture": "#3"},
				"up": {"uv": [0, 0, 2.19342, 2.0625], "texture": "#3"},
				"down": {"uv": [0, 0, 2.19342, 2.0625], "texture": "#3"}
			}
		},
		{
			"from": [7.5, 12.25, 9.5],
			"to": [7.75, 12.5, 9.75],
			"faces": {
				"north": {"uv": [0, 0, 2.19342, 2.0625], "texture": "#3"},
				"east": {"uv": [0, 0, 2.19342, 2.0625], "texture": "#3"},
				"south": {"uv": [0, 0, 2.19342, 2.0625], "texture": "#3"},
				"west": {"uv": [0, 0, 2.19342, 2.0625], "texture": "#3"},
				"up": {"uv": [0, 0, 2.19342, 2.0625], "texture": "#3"},
				"down": {"uv": [0, 0, 2.19342, 2.0625], "texture": "#3"}
			}
		},
		{
			"from": [7.75, 12.25, 9.5],
			"to": [8, 12.5, 9.75],
			"faces": {
				"north": {"uv": [0, 0, 2.19342, 2.0625], "texture": "#3"},
				"east": {"uv": [0, 0, 2.19342, 2.0625], "texture": "#3"},
				"south": {"uv": [0, 0, 2.19342, 2.0625], "texture": "#3"},
				"west": {"uv": [0, 0, 2.19342, 2.0625], "texture": "#3"},
				"up": {"uv": [0, 0, 2.19342, 2.0625], "texture": "#3"},
				"down": {"uv": [0, 0, 2.19342, 2.0625], "texture": "#3"}
			}
		},
		{
			"from": [7.75, 12, 9.75],
			"to": [8, 12.25, 10],
			"faces": {
				"north": {"uv": [0, 0, 2.19342, 2.0625], "texture": "#3"},
				"east": {"uv": [0, 0, 2.19342, 2.0625], "texture": "#3"},
				"south": {"uv": [0, 0, 2.19342, 2.0625], "texture": "#3"},
				"west": {"uv": [0, 0, 2.19342, 2.0625], "texture": "#3"},
				"up": {"uv": [0, 0, 2.19342, 2.0625], "texture": "#3"},
				"down": {"uv": [0, 0, 2.19342, 2.0625], "texture": "#3"}
			}
		},
		{
			"from": [8, 12.25, 9.5],
			"to": [8.25, 12.5, 9.75],
			"faces": {
				"north": {"uv": [0, 0, 2.19342, 2.0625], "texture": "#3"},
				"east": {"uv": [0, 0, 2.19342, 2.0625], "texture": "#3"},
				"south": {"uv": [0, 0, 2.19342, 2.0625], "texture": "#3"},
				"west": {"uv": [0, 0, 2.19342, 2.0625], "texture": "#3"},
				"up": {"uv": [0, 0, 2.19342, 2.0625], "texture": "#3"},
				"down": {"uv": [0, 0, 2.19342, 2.0625], "texture": "#3"}
			}
		},
		{
			"from": [8, 12, 9.75],
			"to": [8.25, 12.25, 10],
			"faces": {
				"north": {"uv": [0, 0, 2.19342, 2.0625], "texture": "#3"},
				"east": {"uv": [0, 0, 2.19342, 2.0625], "texture": "#3"},
				"south": {"uv": [0, 0, 2.19342, 2.0625], "texture": "#3"},
				"west": {"uv": [0, 0, 2.19342, 2.0625], "texture": "#3"},
				"up": {"uv": [0, 0, 2.19342, 2.0625], "texture": "#3"},
				"down": {"uv": [0, 0, 2.19342, 2.0625], "texture": "#3"}
			}
		},
		{
			"from": [8.25, 12.25, 9.5],
			"to": [8.5, 12.5, 9.75],
			"faces": {
				"north": {"uv": [0, 0, 2.19342, 2.0625], "texture": "#3"},
				"east": {"uv": [0, 0, 2.19342, 2.0625], "texture": "#3"},
				"south": {"uv": [0, 0, 2.19342, 2.0625], "texture": "#3"},
				"west": {"uv": [0, 0, 2.19342, 2.0625], "texture": "#3"},
				"up": {"uv": [0, 0, 2.19342, 2.0625], "texture": "#3"},
				"down": {"uv": [0, 0, 2.19342, 2.0625], "texture": "#3"}
			}
		},
		{
			"from": [8.25, 12, 9.75],
			"to": [8.5, 12.25, 10],
			"faces": {
				"north": {"uv": [0, 0, 2.19342, 2.0625], "texture": "#3"},
				"east": {"uv": [0, 0, 2.19342, 2.0625], "texture": "#3"},
				"south": {"uv": [0, 0, 2.19342, 2.0625], "texture": "#3"},
				"west": {"uv": [0, 0, 2.19342, 2.0625], "texture": "#3"},
				"up": {"uv": [0, 0, 2.19342, 2.0625], "texture": "#3"},
				"down": {"uv": [0, 0, 2.19342, 2.0625], "texture": "#3"}
			}
		},
		{
			"from": [8.5, 12.25, 9.5],
			"to": [8.75, 12.5, 9.75],
			"faces": {
				"north": {"uv": [0, 0, 2.19342, 2.0625], "texture": "#3"},
				"east": {"uv": [0, 0, 2.19342, 2.0625], "texture": "#3"},
				"south": {"uv": [0, 0, 2.19342, 2.0625], "texture": "#3"},
				"west": {"uv": [0, 0, 2.19342, 2.0625], "texture": "#3"},
				"up": {"uv": [0, 0, 2.19342, 2.0625], "texture": "#3"},
				"down": {"uv": [0, 0, 2.19342, 2.0625], "texture": "#3"}
			}
		},
		{
			"from": [8.75, 12, 9.25],
			"to": [9, 12.25, 9.5],
			"faces": {
				"north": {"uv": [0, 0, 2.19342, 2.0625], "texture": "#3"},
				"east": {"uv": [0, 0, 2.19342, 2.0625], "texture": "#3"},
				"south": {"uv": [0, 0, 2.19342, 2.0625], "texture": "#3"},
				"west": {"uv": [0, 0, 2.19342, 2.0625], "texture": "#3"},
				"up": {"uv": [0, 0, 2.19342, 2.0625], "texture": "#3"},
				"down": {"uv": [0, 0, 2.19342, 2.0625], "texture": "#3"}
			}
		},
		{
			"from": [8.75, 12, 9],
			"to": [9, 12.25, 9.25],
			"faces": {
				"north": {"uv": [0, 0, 2.19342, 2.0625], "texture": "#3"},
				"east": {"uv": [0, 0, 2.19342, 2.0625], "texture": "#3"},
				"south": {"uv": [0, 0, 2.19342, 2.0625], "texture": "#3"},
				"west": {"uv": [0, 0, 2.19342, 2.0625], "texture": "#3"},
				"up": {"uv": [0, 0, 2.19342, 2.0625], "texture": "#3"},
				"down": {"uv": [0, 0, 2.19342, 2.0625], "texture": "#3"}
			}
		},
		{
			"from": [8.75, 12, 8.75],
			"to": [9, 12.25, 9],
			"faces": {
				"north": {"uv": [0, 0, 2.19342, 2.0625], "texture": "#3"},
				"east": {"uv": [0, 0, 2.19342, 2.0625], "texture": "#3"},
				"south": {"uv": [0, 0, 2.19342, 2.0625], "texture": "#3"},
				"west": {"uv": [0, 0, 2.19342, 2.0625], "texture": "#3"},
				"up": {"uv": [0, 0, 2.19342, 2.0625], "texture": "#3"},
				"down": {"uv": [0, 0, 2.19342, 2.0625], "texture": "#3"}
			}
		},
		{
			"from": [8.75, 12, 8.5],
			"to": [9, 12.25, 8.75],
			"faces": {
				"north": {"uv": [0, 0, 2.19342, 2.0625], "texture": "#3"},
				"east": {"uv": [0, 0, 2.19342, 2.0625], "texture": "#3"},
				"south": {"uv": [0, 0, 2.19342, 2.0625], "texture": "#3"},
				"west": {"uv": [0, 0, 2.19342, 2.0625], "texture": "#3"},
				"up": {"uv": [0, 0, 2.19342, 2.0625], "texture": "#3"},
				"down": {"uv": [0, 0, 2.19342, 2.0625], "texture": "#3"}
			}
		},
		{
			"from": [8.5, 12.25, 9.25],
			"to": [8.75, 12.5, 9.5],
			"faces": {
				"north": {"uv": [0, 0, 2.19342, 2.0625], "texture": "#3"},
				"east": {"uv": [0, 0, 2.19342, 2.0625], "texture": "#3"},
				"south": {"uv": [0, 0, 2.19342, 2.0625], "texture": "#3"},
				"west": {"uv": [0, 0, 2.19342, 2.0625], "texture": "#3"},
				"up": {"uv": [0, 0, 2.19342, 2.0625], "texture": "#3"},
				"down": {"uv": [0, 0, 2.19342, 2.0625], "texture": "#3"}
			}
		},
		{
			"from": [8.5, 12.25, 9],
			"to": [8.75, 12.5, 9.25],
			"faces": {
				"north": {"uv": [0, 0, 2.19342, 2.0625], "texture": "#3"},
				"east": {"uv": [0, 0, 2.19342, 2.0625], "texture": "#3"},
				"south": {"uv": [0, 0, 2.19342, 2.0625], "texture": "#3"},
				"west": {"uv": [0, 0, 2.19342, 2.0625], "texture": "#3"},
				"up": {"uv": [0, 0, 2.19342, 2.0625], "texture": "#3"},
				"down": {"uv": [0, 0, 2.19342, 2.0625], "texture": "#3"}
			}
		},
		{
			"from": [8.5, 12.25, 8.75],
			"to": [8.75, 12.5, 9],
			"faces": {
				"north": {"uv": [0, 0, 2.19342, 2.0625], "texture": "#3"},
				"east": {"uv": [0, 0, 2.19342, 2.0625], "texture": "#3"},
				"south": {"uv": [0, 0, 2.19342, 2.0625], "texture": "#3"},
				"west": {"uv": [0, 0, 2.19342, 2.0625], "texture": "#3"},
				"up": {"uv": [0, 0, 2.19342, 2.0625], "texture": "#3"},
				"down": {"uv": [0, 0, 2.19342, 2.0625], "texture": "#3"}
			}
		},
		{
			"from": [8.5, 12.25, 8.5],
			"to": [8.75, 12.5, 8.75],
			"faces": {
				"north": {"uv": [0, 0, 2.19342, 2.0625], "texture": "#3"},
				"east": {"uv": [0, 0, 2.19342, 2.0625], "texture": "#3"},
				"south": {"uv": [0, 0, 2.19342, 2.0625], "texture": "#3"},
				"west": {"uv": [0, 0, 2.19342, 2.0625], "texture": "#3"},
				"up": {"uv": [0, 0, 2.19342, 2.0625], "texture": "#3"},
				"down": {"uv": [0, 0, 2.19342, 2.0625], "texture": "#3"}
			}
		},
		{
			"from": [8.75, 12.25, 9],
			"to": [9, 12.5, 9.25],
			"faces": {
				"north": {"uv": [0, 0, 2.19342, 2.0625], "texture": "#3"},
				"east": {"uv": [0, 0, 2.19342, 2.0625], "texture": "#3"},
				"south": {"uv": [0, 0, 2.19342, 2.0625], "texture": "#3"},
				"west": {"uv": [0, 0, 2.19342, 2.0625], "texture": "#3"},
				"up": {"uv": [0, 0, 2.19342, 2.0625], "texture": "#3"},
				"down": {"uv": [0, 0, 2.19342, 2.0625], "texture": "#3"}
			}
		},
		{
			"from": [8.75, 12.25, 8.75],
			"to": [9, 12.5, 9],
			"faces": {
				"north": {"uv": [0, 0, 2.19342, 2.0625], "texture": "#3"},
				"east": {"uv": [0, 0, 2.19342, 2.0625], "texture": "#3"},
				"south": {"uv": [0, 0, 2.19342, 2.0625], "texture": "#3"},
				"west": {"uv": [0, 0, 2.19342, 2.0625], "texture": "#3"},
				"up": {"uv": [0, 0, 2.19342, 2.0625], "texture": "#3"},
				"down": {"uv": [0, 0, 2.19342, 2.0625], "texture": "#3"}
			}
		},
		{
			"from": [8.5, 12, 9.25],
			"to": [8.75, 12.25, 9.5],
			"faces": {
				"north": {"uv": [0, 0, 2.19342, 2.0625], "texture": "#3"},
				"east": {"uv": [0, 0, 2.19342, 2.0625], "texture": "#3"},
				"south": {"uv": [0, 0, 2.19342, 2.0625], "texture": "#3"},
				"west": {"uv": [0, 0, 2.19342, 2.0625], "texture": "#3"},
				"up": {"uv": [0, 0, 2.19342, 2.0625], "texture": "#3"},
				"down": {"uv": [0, 0, 2.19342, 2.0625], "texture": "#3"}
			}
		},
		{
			"from": [8.5, 12, 9.5],
			"to": [8.75, 12.25, 9.75],
			"faces": {
				"north": {"uv": [0, 0, 2.19342, 2.0625], "texture": "#3"},
				"east": {"uv": [0, 0, 2.19342, 2.0625], "texture": "#3"},
				"south": {"uv": [0, 0, 2.19342, 2.0625], "texture": "#3"},
				"west": {"uv": [0, 0, 2.19342, 2.0625], "texture": "#3"},
				"up": {"uv": [0, 0, 2.19342, 2.0625], "texture": "#3"},
				"down": {"uv": [0, 0, 2.19342, 2.0625], "texture": "#3"}
			}
		},
		{
			"from": [8, 12.25, 9.75],
			"to": [8.25, 12.5, 10],
			"faces": {
				"north": {"uv": [0, 0, 2.19342, 2.0625], "texture": "#3"},
				"east": {"uv": [0, 0, 2.19342, 2.0625], "texture": "#3"},
				"south": {"uv": [0, 0, 2.19342, 2.0625], "texture": "#3"},
				"west": {"uv": [0, 0, 2.19342, 2.0625], "texture": "#3"},
				"up": {"uv": [0, 0, 2.19342, 2.0625], "texture": "#3"},
				"down": {"uv": [0, 0, 2.19342, 2.0625], "texture": "#3"}
			}
		},
		{
			"from": [7.75, 12.25, 9.75],
			"to": [8, 12.5, 10],
			"faces": {
				"north": {"uv": [0, 0, 2.19342, 2.0625], "texture": "#3"},
				"east": {"uv": [0, 0, 2.19342, 2.0625], "texture": "#3"},
				"south": {"uv": [0, 0, 2.19342, 2.0625], "texture": "#3"},
				"west": {"uv": [0, 0, 2.19342, 2.0625], "texture": "#3"},
				"up": {"uv": [0, 0, 2.19342, 2.0625], "texture": "#3"},
				"down": {"uv": [0, 0, 2.19342, 2.0625], "texture": "#3"}
			}
		}
	],
	"display": {
		"thirdperson_righthand": {
			"rotation": [90, 0, 0],
			"translation": [-6, -1, 10.25],
			"scale": [2.6, 2.6, 2.6]
		}
	},
	"groups": [0, 1, 2, 3,
		{
			"name": "group",
			"origin": [8, 8, 8],
			"children": [4, 5, 6, 7, 8, 9, 10, 11, 12, 13, 14, 15]
		},
		{
			"name": "group",
			"origin": [8, 8, 8],
			"children": [16, 17, 18, 19, 20, 21, 22, 23, 24, 25, 26, 27, 28, 29, 30, 31, 32, 33, 34, 35, 36, 37, 38, 39, 40, 41, 42, 43, 44, 45, 46, 47, 48, 49, 50, 51, 52, 53, 54, 55, 56, 57, 58, 59, 60, 61, 62, 63, 64, 65, 66, 67, 68, 69, 70, 71, 72, 73, 74, 75, 76, 77, 78, 79, 80, 81, 82, 83, 84, 85, 86, 87, 88, 89, 90, 91, 92, 93, 94, 95, 96, 97, 98, 99, 100, 101, 102, 103, 104]
		}
	]
}