{
	"credit": "Made with Blockbench",
	"parent": "item/handheld",
	"textures": {
		"layer0": "item/custom/texture1"
	},
	"display": {
		"thirdperson_righthand": {
			"rotation": [45, 0, -21],
			"scale": [0.52, 0.52, 0.52]
		},
		"thirdperson_lefthand": {
			"rotation": [45, 0, -21],
			"scale": [0.52, 0.52, 0.52]
		},
		"head": {
			"rotation": [92, 0, 29],
			"translation": [0, 6.5, 0]
		},
		"ground": {
			"translation": [0, 4.25, 0],
			"scale": [0.75, 0.75, 0.75]
		},
		"fixed": {
			"rotation": [0, 0, 14],
			"translation": [-0.5, 0, 0],
			"scale": [1.22, 1.22, 1.22]
		},
		"gui": {
			"rotation": [0, 0, -21],
			"translation": [0, 0.5, 0],
			"scale": [0.99, 0.99, 0.99]
		}
	}
}