{
	"credit": "Made with Blockbench",
	"textures": {
		"0": "item/custom/gmask/default",
		"1": "item/custom/gmask/black",
		"3": "item/custom/gmask/gray",
		"4": "item/custom/gmask/aqua",
		"particle": "item/custom/gmask/default"
	},
	"elements": [
		{
			"from": [3.9, 0, -2.15],
			"to": [12.05, 1, -0.9],
			"rotation": {"angle": 0, "axis": "y", "origin": [8.25, 0.5, -1.65]},
			"faces": {
				"north": {"uv": [0, 0, 8.15, 1], "texture": "#1"},
				"east": {"uv": [0, 0, 1.75, 1], "texture": "#1"},
				"south": {"uv": [0, 0, 8.15, 1], "texture": "#0"},
				"west": {"uv": [0, 0, 1.75, 1], "texture": "#1"},
				"up": {"uv": [0, 0, 8.15, 1.75], "texture": "#1"},
				"down": {"uv": [0, 0, 8.15, 1.75], "texture": "#1"}
			}
		},
		{
			"from": [2.49645, 0, 9.05355],
			"to": [4.99645, 1, 10.05355],
			"rotation": {"angle": -45, "axis": "y", "origin": [4.6, 0.5, 9.2]},
			"faces": {
				"north": {"uv": [0, 0, 2.5, 1], "texture": "#0"},
				"east": {"uv": [0, 0, 1, 1], "texture": "#1"},
				"south": {"uv": [0, 0, 2.5, 1], "texture": "#1"},
				"west": {"uv": [0, 0, 1, 1], "texture": "#1"},
				"up": {"uv": [0, 0, 2.5, 1], "texture": "#1"},
				"down": {"uv": [0, 0, 2.5, 1], "texture": "#1"}
			}
		},
		{
			"from": [11.39645, 0, 8.49645],
			"to": [13.89645, 1, 9.49645],
			"rotation": {"angle": 45, "axis": "y", "origin": [12.25, 0.5, 9.35]},
			"faces": {
				"north": {"uv": [0, 0, 2.5, 1], "texture": "#0"},
				"east": {"uv": [0, 0, 1, 1], "texture": "#1"},
				"south": {"uv": [0, 0, 2.5, 1], "texture": "#1"},
				"west": {"uv": [0, 0, 1, 1], "texture": "#1"},
				"up": {"uv": [0, 0, 2.5, 1], "texture": "#1"},
				"down": {"uv": [0, 0, 2.5, 1], "texture": "#1"}
			}
		},
		{
			"from": [11.44645, 0, -0.84645],
			"to": [13.44645, 1, 0.40355],
			"rotation": {"angle": -45, "axis": "y", "origin": [13.35, 0.5, -0.75]},
			"faces": {
				"north": {"uv": [0, 0, 2, 1], "texture": "#1"},
				"east": {"uv": [0, 0, 1.25, 1], "texture": "#1"},
				"south": {"uv": [0, 0, 2, 1], "texture": "#0"},
				"west": {"uv": [0, 0, 1.25, 1], "texture": "#1"},
				"up": {"uv": [0, 0, 2, 1.25], "texture": "#1"},
				"down": {"uv": [0, 0, 2, 1.25], "texture": "#1"}
			}
		},
		{
			"from": [2.72645, 0, -1.69645],
			"to": [3.72645, 1, 0.30355],
			"rotation": {"angle": -45, "axis": "y", "origin": [3.85, 0.5, -0.5]},
			"faces": {
				"north": {"uv": [0, 0, 1, 1], "texture": "#1"},
				"east": {"uv": [0, 0, 2, 1], "texture": "#0"},
				"south": {"uv": [0, 0, 1, 1], "texture": "#1"},
				"west": {"uv": [0, 0, 2, 1], "texture": "#1"},
				"up": {"uv": [0, 0, 2, 1], "rotation": 90, "texture": "#1"},
				"down": {"uv": [0, 0, 2, 1], "rotation": 270, "texture": "#1"}
			}
		},
		{
			"from": [12.5, 0, -0.75],
			"to": [13.5, 1, 8.25],
			"rotation": {"angle": 0, "axis": "x", "origin": [13.5, 0.5, 7.75]},
			"faces": {
				"north": {"uv": [0, 0, 1, 1], "texture": "#1"},
				"east": {"uv": [0, 0, 9, 1], "texture": "#1"},
				"south": {"uv": [0, 0, 1, 1], "texture": "#1"},
				"west": {"uv": [0, 0, 9, 1], "texture": "#0"},
				"up": {"uv": [0, 0, 9, 1], "rotation": 270, "texture": "#1"},
				"down": {"uv": [0, 0, 9, 1], "rotation": 90, "texture": "#1"}
			}
		},
		{
			"from": [2.5, 0, -0.75],
			"to": [3.5, 1, 8.25],
			"rotation": {"angle": 0, "axis": "y", "origin": [3.5, 0.5, 7.75]},
			"faces": {
				"north": {"uv": [0, 0, 1, 1], "texture": "#1"},
				"east": {"uv": [0, 0, 9, 1], "texture": "#0"},
				"south": {"uv": [0, 0, 1, 1], "texture": "#1"},
				"west": {"uv": [0, 0, 9, 1], "texture": "#1"},
				"up": {"uv": [0, 0, 9, 1], "rotation": 270, "texture": "#1"},
				"down": {"uv": [0, 0, 9, 1], "rotation": 90, "texture": "#1"}
			}
		},
		{
			"from": [4.25, 0, 9.25],
			"to": [11.75, 1, 10.25],
			"rotation": {"angle": 0, "axis": "y", "origin": [12.75, 8, 17.25]},
			"faces": {
				"north": {"uv": [0, 0, 7.5, 1], "texture": "#1"},
				"east": {"uv": [0, 0, 1, 1], "texture": "#1"},
				"south": {"uv": [0, 0, 7.5, 1], "texture": "#1"},
				"west": {"uv": [0, 0, 1, 1], "texture": "#1"},
				"up": {"uv": [0, 0, 7.5, 1], "texture": "#1"},
				"down": {"uv": [0, 0, 7.5, 1], "texture": "#1"}
			}
		},
		{
			"from": [3.5, 0, -1.5],
			"to": [12.5, 1, 9.25],
			"rotation": {"angle": 0, "axis": "y", "origin": [12, 8, 16]},
			"faces": {
				"north": {"uv": [0, 0, 16, 15.75], "texture": "#1"},
				"east": {"uv": [0, 0, 16, 15.75], "texture": "#1"},
				"south": {"uv": [0, 0, 16, 15.75], "texture": "#1"},
				"west": {"uv": [0, 0, 16, 15.75], "texture": "#1"},
				"up": {"uv": [0, 0, 16, 15.75], "texture": "#0"},
				"down": {"uv": [0, 0, 16, 15.75], "texture": "#1"}
			}
		},
		{
			"from": [4.25, 0, -0.25],
			"to": [5.5, 2, 0.75],
			"rotation": {"angle": 0, "axis": "y", "origin": [13, 8, 7.75]},
			"faces": {
				"north": {"uv": [0, 0, 1.25, 2], "texture": "#3"},
				"east": {"uv": [0, 0, 1, 2], "texture": "#3"},
				"south": {"uv": [0, 0, 1.25, 2], "texture": "#3"},
				"west": {"uv": [0, 0, 1, 2], "texture": "#3"},
				"up": {"uv": [0, 0, 16, 16], "texture": "#3"},
				"down": {"uv": [0, 0, 1.25, 1], "texture": "#3"}
			}
		},
		{
			"from": [9.25, 0, -0.25],
			"to": [10.5, 2, 0.75],
			"rotation": {"angle": 0, "axis": "y", "origin": [18, 8, 7.75]},
			"faces": {
				"north": {"uv": [0, 0, 1.25, 2], "texture": "#3"},
				"east": {"uv": [0, 0, 1, 2], "texture": "#3"},
				"south": {"uv": [0, 0, 1.25, 2], "texture": "#3"},
				"west": {"uv": [0, 0, 1, 2], "texture": "#3"},
				"up": {"uv": [0, 0, 1.25, 1], "texture": "#3"},
				"down": {"uv": [0, 0, 1.25, 1], "texture": "#3"}
			}
		},
		{
			"from": [7, 0, 5.25],
			"to": [8, 2, 6.25],
			"rotation": {"angle": 0, "axis": "y", "origin": [15.5, 8, 13.25]},
			"faces": {
				"north": {"uv": [0, 0, 1, 2], "texture": "#4"},
				"east": {"uv": [0, 0, 1, 2], "texture": "#4"},
				"south": {"uv": [0, 0, 1, 2], "texture": "#4"},
				"west": {"uv": [0, 0, 1, 2], "texture": "#4"},
				"up": {"uv": [0, 0, 1, 1], "texture": "#4"},
				"down": {"uv": [0, 0, 1, 1], "texture": "#4"}
			}
		},
		{
			"from": [4.5, 0, 2.75],
			"to": [5.5, 2, 3.75],
			"rotation": {"angle": 0, "axis": "y", "origin": [13, 8, 10.75]},
			"faces": {
				"north": {"uv": [0, 0, 1, 2], "texture": "#3"},
				"east": {"uv": [0, 0, 1, 2], "texture": "#3"},
				"south": {"uv": [0, 0, 1, 2], "texture": "#3"},
				"west": {"uv": [0, 0, 1, 2], "texture": "#3"},
				"up": {"uv": [0, 0, 1, 1], "texture": "#3"},
				"down": {"uv": [0, 0, 1, 1], "texture": "#3"}
			}
		},
		{
			"from": [9.5, 0, 2.75],
			"to": [10.5, 2, 3.75],
			"rotation": {"angle": 0, "axis": "y", "origin": [18, 8, 10.75]},
			"faces": {
				"north": {"uv": [0, 0, 1, 2], "texture": "#3"},
				"east": {"uv": [0, 0, 1, 2], "texture": "#3"},
				"south": {"uv": [0, 0, 1, 2], "texture": "#3"},
				"west": {"uv": [0, 0, 1, 2], "texture": "#3"},
				"up": {"uv": [0, 0, 1, 1], "texture": "#3"},
				"down": {"uv": [0, 0, 1, 1], "texture": "#3"}
			}
		},
		{
			"from": [7, 1, 9.25],
			"to": [8, 2, 10.25],
			"rotation": {"angle": 0, "axis": "y", "origin": [15.5, 9, 17.25]},
			"faces": {
				"north": {"uv": [0, 0, 1, 1], "texture": "#4"},
				"east": {"uv": [0, 0, 1, 1], "texture": "#4"},
				"south": {"uv": [0, 0, 1, 1], "texture": "#4"},
				"west": {"uv": [0, 0, 1, 1], "texture": "#4"},
				"up": {"uv": [0, 0, 1, 1], "texture": "#4"},
				"down": {"uv": [0, 0, 1, 1], "texture": "#4"}
			}
		},
		{
			"from": [5.5, 0, -0.25],
			"to": [6.5, 2, 0.75],
			"rotation": {"angle": 0, "axis": "y", "origin": [14, 8, 7.75]},
			"faces": {
				"north": {"uv": [0, 0, 1, 2], "texture": "#3"},
				"east": {"uv": [0, 0, 1, 2], "texture": "#3"},
				"south": {"uv": [0, 0, 1, 2], "texture": "#3"},
				"west": {"uv": [0, 0, 1, 2], "texture": "#3"},
				"up": {"uv": [0, 0, 1, 1], "texture": "#3"},
				"down": {"uv": [0, 0, 1, 1], "texture": "#3"}
			}
		},
		{
			"from": [10.5, 0, -0.25],
			"to": [11.5, 2, 0.75],
			"rotation": {"angle": 0, "axis": "y", "origin": [19, 8, 7.75]},
			"faces": {
				"north": {"uv": [0, 0, 1, 2], "texture": "#3"},
				"east": {"uv": [0, 0, 1, 2], "texture": "#3"},
				"south": {"uv": [0, 0, 1, 2], "texture": "#3"},
				"west": {"uv": [0, 0, 1, 2], "texture": "#3"},
				"up": {"uv": [0, 0, 1, 1], "texture": "#3"},
				"down": {"uv": [0, 0, 1, 1], "texture": "#3"}
			}
		},
		{
			"from": [8, 0, 5.25],
			"to": [9, 2, 6.25],
			"rotation": {"angle": 0, "axis": "y", "origin": [16.5, 8, 13.25]},
			"faces": {
				"north": {"uv": [0, 0, 1, 2], "texture": "#4"},
				"east": {"uv": [0, 0, 1, 2], "texture": "#4"},
				"south": {"uv": [0, 0, 1, 2], "texture": "#4"},
				"west": {"uv": [0, 0, 1, 2], "texture": "#4"},
				"up": {"uv": [0, 0, 1, 1], "texture": "#4"},
				"down": {"uv": [0, 0, 1, 1], "texture": "#4"}
			}
		},
		{
			"from": [5.5, 0, 2.75],
			"to": [6.5, 2, 3.75],
			"rotation": {"angle": 0, "axis": "y", "origin": [14, 8, 10.75]},
			"faces": {
				"north": {"uv": [0, 0, 1, 2], "texture": "#3"},
				"east": {"uv": [0, 0, 1, 2], "texture": "#3"},
				"south": {"uv": [0, 0, 1, 2], "texture": "#3"},
				"west": {"uv": [0, 0, 1, 2], "texture": "#3"},
				"up": {"uv": [0, 0, 1, 1], "texture": "#3"},
				"down": {"uv": [0, 0, 1, 1], "texture": "#3"}
			}
		},
		{
			"from": [10.5, 0, 2.75],
			"to": [11.5, 2, 3.75],
			"rotation": {"angle": 0, "axis": "y", "origin": [19, 8, 10.75]},
			"faces": {
				"north": {"uv": [0, 0, 1, 2], "texture": "#3"},
				"east": {"uv": [0, 0, 1, 2], "texture": "#3"},
				"south": {"uv": [0, 0, 1, 2], "texture": "#3"},
				"west": {"uv": [0, 0, 1, 2], "texture": "#3"},
				"up": {"uv": [0, 0, 1, 1], "texture": "#3"},
				"down": {"uv": [0, 0, 1, 1], "texture": "#3"}
			}
		},
		{
			"from": [8, 1, 9.25],
			"to": [9, 2, 10.25],
			"rotation": {"angle": 0, "axis": "y", "origin": [16.5, 9, 17.25]},
			"faces": {
				"north": {"uv": [0, 0, 1, 1], "texture": "#4"},
				"east": {"uv": [0, 0, 1, 1], "texture": "#4"},
				"south": {"uv": [0, 0, 1, 1], "texture": "#4"},
				"west": {"uv": [0, 0, 1, 1], "texture": "#4"},
				"up": {"uv": [0, 0, 1, 1], "texture": "#4"},
				"down": {"uv": [0, 0, 1, 1], "texture": "#4"}
			}
		},
		{
			"from": [6.5, 0, 0.75],
			"to": [7.5, 2, 1.75],
			"rotation": {"angle": 0, "axis": "y", "origin": [15, 8, 8.75]},
			"faces": {
				"north": {"uv": [0, 0, 1, 2], "texture": "#3"},
				"east": {"uv": [0, 0, 1, 2], "texture": "#3"},
				"south": {"uv": [0, 0, 1, 2], "texture": "#3"},
				"west": {"uv": [0, 0, 1, 2], "texture": "#3"},
				"up": {"uv": [0, 0, 1, 1], "texture": "#3"},
				"down": {"uv": [0, 0, 1, 1], "texture": "#3"}
			}
		},
		{
			"from": [11.5, 0, 0.75],
			"to": [12.5, 2, 1.75],
			"rotation": {"angle": 0, "axis": "y", "origin": [20, 8, 8.75]},
			"faces": {
				"north": {"uv": [0, 0, 1, 2], "texture": "#3"},
				"east": {"uv": [0, 0, 1, 2], "texture": "#3"},
				"south": {"uv": [0, 0, 1, 2], "texture": "#3"},
				"west": {"uv": [0, 0, 1, 2], "texture": "#3"},
				"up": {"uv": [0, 0, 1, 1], "texture": "#3"},
				"down": {"uv": [0, 0, 1, 1], "texture": "#3"}
			}
		},
		{
			"from": [9.5, 0, 6.75],
			"to": [10.5, 2, 7.75],
			"rotation": {"angle": 0, "axis": "y", "origin": [18, 8, 14.75]},
			"faces": {
				"north": {"uv": [0, 0, 1, 2], "texture": "#4"},
				"east": {"uv": [0, 0, 1, 2], "texture": "#4"},
				"south": {"uv": [0, 0, 1, 2], "texture": "#4"},
				"west": {"uv": [0, 0, 1, 2], "texture": "#4"},
				"up": {"uv": [0, 0, 1, 1], "texture": "#4"},
				"down": {"uv": [0, 0, 1, 1], "texture": "#4"}
			}
		},
		{
			"from": [6.5, 0, 1.75],
			"to": [7.5, 2, 2.75],
			"rotation": {"angle": 0, "axis": "y", "origin": [15, 8, 9.75]},
			"faces": {
				"north": {"uv": [0, 0, 1, 2], "texture": "#3"},
				"east": {"uv": [0, 0, 1, 2], "texture": "#3"},
				"south": {"uv": [0, 0, 1, 2], "texture": "#3"},
				"west": {"uv": [0, 0, 1, 2], "texture": "#3"},
				"up": {"uv": [0, 0, 1, 1], "texture": "#3"},
				"down": {"uv": [0, 0, 1, 1], "texture": "#3"}
			}
		},
		{
			"from": [11.5, 0, 1.75],
			"to": [12.5, 2, 2.75],
			"rotation": {"angle": 0, "axis": "y", "origin": [20, 8, 9.75]},
			"faces": {
				"north": {"uv": [0, 0, 1, 2], "texture": "#3"},
				"east": {"uv": [0, 0, 1, 2], "texture": "#3"},
				"south": {"uv": [0, 0, 1, 2], "texture": "#3"},
				"west": {"uv": [0, 0, 1, 2], "texture": "#3"},
				"up": {"uv": [0, 0, 1, 1], "texture": "#3"},
				"down": {"uv": [0, 0, 1, 1], "texture": "#3"}
			}
		},
		{
			"from": [9.5, 0, 7.75],
			"to": [10.5, 2, 8.75],
			"rotation": {"angle": 0, "axis": "y", "origin": [18, 8, 15.75]},
			"faces": {
				"north": {"uv": [0, 0, 1, 2], "texture": "#4"},
				"east": {"uv": [0, 0, 1, 2], "texture": "#4"},
				"south": {"uv": [0, 0, 1, 2], "texture": "#4"},
				"west": {"uv": [0, 0, 1, 2], "texture": "#4"},
				"up": {"uv": [0, 0, 1, 1], "texture": "#4"},
				"down": {"uv": [0, 0, 1, 1], "texture": "#4"}
			}
		},
		{
			"from": [3.5, 0, 1.75],
			"to": [4.5, 2, 2.75],
			"rotation": {"angle": 0, "axis": "y", "origin": [12, 8, 9.75]},
			"faces": {
				"north": {"uv": [0, 0, 1, 2], "texture": "#3"},
				"east": {"uv": [0, 0, 1, 2], "texture": "#3"},
				"south": {"uv": [0, 0, 1, 2], "texture": "#3"},
				"west": {"uv": [0, 0, 1, 2], "texture": "#3"},
				"up": {"uv": [0, 0, 1, 1], "texture": "#3"},
				"down": {"uv": [0, 0, 1, 1], "texture": "#3"}
			}
		},
		{
			"from": [8.5, 0, 1.75],
			"to": [9.5, 2, 2.75],
			"rotation": {"angle": 0, "axis": "y", "origin": [17, 8, 9.75]},
			"faces": {
				"north": {"uv": [0, 0, 1, 2], "texture": "#3"},
				"east": {"uv": [0, 0, 1, 2], "texture": "#3"},
				"south": {"uv": [0, 0, 1, 2], "texture": "#3"},
				"west": {"uv": [0, 0, 1, 2], "texture": "#3"},
				"up": {"uv": [0, 0, 1, 1], "texture": "#3"},
				"down": {"uv": [0, 0, 1, 1], "texture": "#3"}
			}
		},
		{
			"from": [5.5, 0, 7.75],
			"to": [6.5, 2, 8.75],
			"rotation": {"angle": 0, "axis": "y", "origin": [14, 8, 15.75]},
			"faces": {
				"north": {"uv": [0, 0, 1, 2], "texture": "#4"},
				"east": {"uv": [0, 0, 1, 2], "texture": "#4"},
				"south": {"uv": [0, 0, 1, 2], "texture": "#4"},
				"west": {"uv": [0, 0, 1, 2], "texture": "#4"},
				"up": {"uv": [0, 0, 1, 1], "texture": "#4"},
				"down": {"uv": [0, 0, 1, 1], "texture": "#4"}
			}
		},
		{
			"from": [3.5, 0, 0.5],
			"to": [4.5, 2, 1.75],
			"rotation": {"angle": 0, "axis": "y", "origin": [12, 8, 8.75]},
			"faces": {
				"north": {"uv": [0, 0, 1, 2], "texture": "#3"},
				"east": {"uv": [0, 0, 1.25, 2], "texture": "#3"},
				"south": {"uv": [0, 0, 1, 2], "texture": "#3"},
				"west": {"uv": [0, 0, 1.25, 2], "texture": "#3"},
				"up": {"uv": [0, 0, 1, 1.25], "texture": "#3"},
				"down": {"uv": [0, 0, 1, 1.25], "texture": "#3"}
			}
		},
		{
			"from": [8.5, 0, 0.5],
			"to": [9.5, 2, 1.75],
			"rotation": {"angle": 0, "axis": "y", "origin": [17, 8, 8.75]},
			"faces": {
				"north": {"uv": [0, 0, 1, 2], "texture": "#3"},
				"east": {"uv": [0, 0, 1.25, 2], "texture": "#3"},
				"south": {"uv": [0, 0, 1, 2], "texture": "#3"},
				"west": {"uv": [0, 0, 1.25, 2], "texture": "#3"},
				"up": {"uv": [0, 0, 1, 1.25], "texture": "#3"},
				"down": {"uv": [0, 0, 1, 1.25], "texture": "#3"}
			}
		},
		{
			"from": [5.5, 0, 6.75],
			"to": [6.5, 2, 7.75],
			"rotation": {"angle": 0, "axis": "y", "origin": [14, 8, 14.75]},
			"faces": {
				"north": {"uv": [0, 0, 1, 2], "texture": "#4"},
				"east": {"uv": [0, 0, 1, 2], "texture": "#4"},
				"south": {"uv": [0, 0, 1, 2], "texture": "#4"},
				"west": {"uv": [0, 0, 1, 2], "texture": "#4"},
				"up": {"uv": [0, 0, 1, 1], "texture": "#4"},
				"down": {"uv": [0, 0, 1, 1], "texture": "#4"}
			}
		},
		{
			"from": [6.25, 0, 2.5],
			"to": [7.25, 2, 3.5],
			"rotation": {"angle": 0, "axis": "y", "origin": [7.25, 0.5, 3]},
			"faces": {
				"north": {"uv": [0, 0, 1, 2], "texture": "#3"},
				"east": {"uv": [0, 0, 1, 2], "texture": "#3"},
				"south": {"uv": [0, 0, 1, 2], "texture": "#3"},
				"west": {"uv": [0, 0, 1, 2], "texture": "#3"},
				"up": {"uv": [0, 0, 1, 1], "rotation": 180, "texture": "#3"},
				"down": {"uv": [0, 0, 1, 1], "rotation": 180, "texture": "#3"}
			}
		},
		{
			"from": [11.25, 0, 2.5],
			"to": [12.25, 2, 3.5],
			"rotation": {"angle": 0, "axis": "y", "origin": [12.25, 0.5, 3]},
			"faces": {
				"north": {"uv": [0, 0, 1, 2], "texture": "#3"},
				"east": {"uv": [0, 0, 1, 2], "texture": "#3"},
				"south": {"uv": [0, 0, 1, 2], "texture": "#3"},
				"west": {"uv": [0, 0, 1, 2], "texture": "#3"},
				"up": {"uv": [0, 0, 1, 1], "rotation": 180, "texture": "#3"},
				"down": {"uv": [0, 0, 1, 1], "rotation": 180, "texture": "#3"}
			}
		},
		{
			"from": [9, 0, 8.75],
			"to": [10, 2, 9.75],
			"rotation": {"angle": 0, "axis": "y", "origin": [10, 0.5, 9.25]},
			"faces": {
				"north": {"uv": [0, 0, 1, 2], "texture": "#4"},
				"east": {"uv": [0, 0, 1, 2], "texture": "#4"},
				"south": {"uv": [0, 0, 1, 2], "texture": "#4"},
				"west": {"uv": [0, 0, 1, 2], "texture": "#4"},
				"up": {"uv": [0, 0, 1, 1], "rotation": 180, "texture": "#4"},
				"down": {"uv": [0, 0, 1, 1], "rotation": 180, "texture": "#4"}
			}
		},
		{
			"from": [6.25, 0, 0],
			"to": [7.25, 2, 1],
			"rotation": {"angle": 0, "axis": "y", "origin": [7.25, 0.5, 0.5]},
			"faces": {
				"north": {"uv": [0, 0, 1, 2], "texture": "#3"},
				"east": {"uv": [0, 0, 1, 2], "texture": "#3"},
				"south": {"uv": [0, 0, 1, 2], "texture": "#3"},
				"west": {"uv": [0, 0, 1, 2], "texture": "#3"},
				"up": {"uv": [0, 0, 1, 1], "rotation": 180, "texture": "#3"},
				"down": {"uv": [0, 0, 1, 1], "rotation": 180, "texture": "#3"}
			}
		},
		{
			"from": [11.25, 0, 0],
			"to": [12.25, 2, 1],
			"rotation": {"angle": 0, "axis": "y", "origin": [12.25, 0.5, 0.5]},
			"faces": {
				"north": {"uv": [0, 0, 1, 2], "texture": "#3"},
				"east": {"uv": [0, 0, 1, 2], "texture": "#3"},
				"south": {"uv": [0, 0, 1, 2], "texture": "#3"},
				"west": {"uv": [0, 0, 1, 2], "texture": "#3"},
				"up": {"uv": [0, 0, 1, 1], "rotation": 180, "texture": "#3"},
				"down": {"uv": [0, 0, 1, 1], "rotation": 180, "texture": "#3"}
			}
		},
		{
			"from": [9, 0, 5.75],
			"to": [10, 2, 6.75],
			"rotation": {"angle": 0, "axis": "y", "origin": [10, 0.5, 6.25]},
			"faces": {
				"north": {"uv": [0, 0, 1, 2], "texture": "#4"},
				"east": {"uv": [0, 0, 1, 2], "texture": "#4"},
				"south": {"uv": [0, 0, 1, 2], "texture": "#4"},
				"west": {"uv": [0, 0, 1, 2], "texture": "#4"},
				"up": {"uv": [0, 0, 1, 1], "rotation": 180, "texture": "#4"},
				"down": {"uv": [0, 0, 1, 1], "rotation": 180, "texture": "#4"}
			}
		},
		{
			"from": [3.75, 0, 0],
			"to": [4.75, 2, 1],
			"rotation": {"angle": 0, "axis": "y", "origin": [4.75, 0.5, 0.5]},
			"faces": {
				"north": {"uv": [0, 0, 1, 2], "texture": "#3"},
				"east": {"uv": [0, 0, 1, 2], "texture": "#3"},
				"south": {"uv": [0, 0, 1, 2], "texture": "#3"},
				"west": {"uv": [0, 0, 1, 2], "texture": "#3"},
				"up": {"uv": [0, 0, 1, 1], "rotation": 180, "texture": "#3"},
				"down": {"uv": [0, 0, 1, 1], "rotation": 180, "texture": "#3"}
			}
		},
		{
			"from": [8.75, 0, 0],
			"to": [9.75, 2, 1],
			"rotation": {"angle": 0, "axis": "y", "origin": [9.75, 0.5, 0.5]},
			"faces": {
				"north": {"uv": [0, 0, 1, 2], "texture": "#3"},
				"east": {"uv": [0, 0, 1, 2], "texture": "#3"},
				"south": {"uv": [0, 0, 1, 2], "texture": "#3"},
				"west": {"uv": [0, 0, 1, 2], "texture": "#3"},
				"up": {"uv": [0, 0, 1, 1], "rotation": 180, "texture": "#3"},
				"down": {"uv": [0, 0, 1, 1], "rotation": 180, "texture": "#3"}
			}
		},
		{
			"from": [6, 0, 5.75],
			"to": [7, 2, 6.75],
			"rotation": {"angle": 0, "axis": "y", "origin": [7, 0.5, 6.25]},
			"faces": {
				"north": {"uv": [0, 0, 1, 2], "texture": "#4"},
				"east": {"uv": [0, 0, 1, 2], "texture": "#4"},
				"south": {"uv": [0, 0, 1, 2], "texture": "#4"},
				"west": {"uv": [0, 0, 1, 2], "texture": "#4"},
				"up": {"uv": [0, 0, 1, 1], "rotation": 180, "texture": "#4"},
				"down": {"uv": [0, 0, 1, 1], "rotation": 180, "texture": "#4"}
			}
		},
		{
			"from": [3.75, 0, 2.5],
			"to": [4.75, 2, 3.5],
			"rotation": {"angle": 0, "axis": "y", "origin": [4.75, 0.5, 3]},
			"faces": {
				"north": {"uv": [0, 0, 1, 2], "texture": "#3"},
				"east": {"uv": [0, 0, 1, 2], "texture": "#3"},
				"south": {"uv": [0, 0, 1, 2], "texture": "#3"},
				"west": {"uv": [0, 0, 1, 2], "texture": "#3"},
				"up": {"uv": [0, 0, 1, 1], "rotation": 180, "texture": "#3"},
				"down": {"uv": [0, 0, 1, 1], "rotation": 180, "texture": "#3"}
			}
		},
		{
			"from": [8.75, 0, 2.5],
			"to": [9.75, 2, 3.5],
			"rotation": {"angle": 0, "axis": "y", "origin": [9.75, 0.5, 3]},
			"faces": {
				"north": {"uv": [0, 0, 1, 2], "texture": "#3"},
				"east": {"uv": [0, 0, 1, 2], "texture": "#3"},
				"south": {"uv": [0, 0, 1, 2], "texture": "#3"},
				"west": {"uv": [0, 0, 1, 2], "texture": "#3"},
				"up": {"uv": [0, 0, 1, 1], "rotation": 180, "texture": "#3"},
				"down": {"uv": [0, 0, 1, 1], "rotation": 180, "texture": "#3"}
			}
		},
		{
			"from": [6, 0, 8.75],
			"to": [7, 2, 9.75],
			"rotation": {"angle": 0, "axis": "y", "origin": [7, 0.5, 9.25]},
			"faces": {
				"north": {"uv": [0, 0, 1, 2], "texture": "#4"},
				"east": {"uv": [0, 0, 1, 2], "texture": "#4"},
				"south": {"uv": [0, 0, 1, 2], "texture": "#4"},
				"west": {"uv": [0, 0, 1, 2], "texture": "#4"},
				"up": {"uv": [0, 0, 1, 1], "rotation": 180, "texture": "#4"},
				"down": {"uv": [0, 0, 1, 1], "rotation": 180, "texture": "#4"}
			}
		},
		{
			"from": [4.5, 0.5, 0],
			"to": [6.5, 1.5, 3],
			"rotation": {"angle": 0, "axis": "y", "origin": [13, 8.5, 9]},
			"faces": {
				"north": {"uv": [0, 0, 2, 1], "texture": "#missing"},
				"east": {"uv": [0, 0, 3, 1], "texture": "#missing"},
				"south": {"uv": [0, 0, 2, 1], "texture": "#missing"},
				"west": {"uv": [0, 0, 3, 1], "texture": "#missing"},
				"up": {"uv": [0, 0, 2, 3], "texture": "#0"},
				"down": {"uv": [0, 0, 2, 3], "texture": "#missing"}
			}
		},
		{
			"from": [9.5, 0.5, 0],
			"to": [11.5, 1.5, 3],
			"rotation": {"angle": 0, "axis": "y", "origin": [18, 8.5, 9]},
			"faces": {
				"north": {"uv": [0, 0, 2, 1], "texture": "#missing"},
				"east": {"uv": [0, 0, 3, 1], "texture": "#missing"},
				"south": {"uv": [0, 0, 2, 1], "texture": "#missing"},
				"west": {"uv": [0, 0, 3, 1], "texture": "#missing"},
				"up": {"uv": [0, 0, 2, 3], "texture": "#0"},
				"down": {"uv": [0, 0, 2, 3], "texture": "#missing"}
			}
		},
		{
			"from": [8, 1, 6.25],
			"to": [8, 2, 7.25],
			"rotation": {"angle": 0, "axis": "y", "origin": [8.5, 1.5, 6.75]},
			"faces": {
				"north": {"uv": [0, 0, 0, 1], "texture": "#4"},
				"east": {"uv": [0, 0, 1, 1], "texture": "#4"},
				"south": {"uv": [0, 0, 0, 1], "texture": "#4"},
				"west": {"uv": [0, 0, 1, 1], "texture": "#4"},
				"up": {"uv": [0, 0, 1, 0], "rotation": 90, "texture": "#4"},
				"down": {"uv": [0, 0, 1, 0], "rotation": 270, "texture": "#4"}
			}
		},
		{
			"from": [8.89645, 1, 6.85355],
			"to": [8.89645, 2, 7.85355],
			"rotation": {"angle": -45, "axis": "y", "origin": [9.25, 1.5, 7]},
			"faces": {
				"north": {"uv": [0, 0, 0, 1], "texture": "#4"},
				"east": {"uv": [0, 0, 1, 1], "texture": "#4"},
				"south": {"uv": [0, 0, 0, 1], "texture": "#4"},
				"west": {"uv": [0, 0, 1, 1], "texture": "#4"},
				"up": {"uv": [0, 0, 1, 0], "rotation": 90, "texture": "#4"},
				"down": {"uv": [0, 0, 1, 0], "rotation": 270, "texture": "#4"}
			}
		},
		{
			"from": [8.5, 1, 7.75],
			"to": [9.5, 2, 7.75],
			"rotation": {"angle": 0, "axis": "y", "origin": [7.5, 1.5, 7.75]},
			"faces": {
				"north": {"uv": [0, 0, 1, 1], "texture": "#4"},
				"east": {"uv": [0, 0, 0, 1], "texture": "#4"},
				"south": {"uv": [0, 0, 1, 1], "texture": "#4"},
				"west": {"uv": [0, 0, 0, 1], "texture": "#4"},
				"up": {"uv": [0, 0, 1, 0], "rotation": 180, "texture": "#4"},
				"down": {"uv": [0, 0, 1, 0], "rotation": 180, "texture": "#4"}
			}
		},
		{
			"from": [8.89645, 1, 7.35355],
			"to": [9.89645, 2, 7.35355],
			"rotation": {"angle": -45, "axis": "y", "origin": [7.75, 1.5, 7]},
			"faces": {
				"north": {"uv": [0, 0, 1, 1], "texture": "#4"},
				"east": {"uv": [0, 0, 0, 1], "texture": "#4"},
				"south": {"uv": [0, 0, 1, 1], "texture": "#4"},
				"west": {"uv": [0, 0, 0, 1], "texture": "#4"},
				"up": {"uv": [0, 0, 1, 0], "rotation": 180, "texture": "#4"},
				"down": {"uv": [0, 0, 1, 0], "rotation": 180, "texture": "#4"}
			}
		},
		{
			"from": [8, 1, 7.25],
			"to": [8, 2, 8.25],
			"rotation": {"angle": 0, "axis": "y", "origin": [8.5, 1.5, 7.75]},
			"faces": {
				"north": {"uv": [0, 0, 0, 1], "texture": "#4"},
				"east": {"uv": [0, 0, 1, 1], "texture": "#4"},
				"south": {"uv": [0, 0, 0, 1], "texture": "#4"},
				"west": {"uv": [0, 0, 1, 1], "texture": "#4"},
				"up": {"uv": [0, 0, 1, 0], "rotation": 90, "texture": "#4"},
				"down": {"uv": [0, 0, 1, 0], "rotation": 270, "texture": "#4"}
			}
		},
		{
			"from": [8.89645, 1, 7.85355],
			"to": [8.89645, 2, 8.85355],
			"rotation": {"angle": -45, "axis": "y", "origin": [9.25, 1.5, 7]},
			"faces": {
				"north": {"uv": [0, 0, 0, 1], "texture": "#4"},
				"east": {"uv": [0, 0, 1, 1], "texture": "#4"},
				"south": {"uv": [0, 0, 0, 1], "texture": "#4"},
				"west": {"uv": [0, 0, 1, 1], "texture": "#4"},
				"up": {"uv": [0, 0, 1, 0], "rotation": 90, "texture": "#4"},
				"down": {"uv": [0, 0, 1, 0], "rotation": 270, "texture": "#4"}
			}
		},
		{
			"from": [7.5, 1, 7.75],
			"to": [8.5, 2, 7.75],
			"rotation": {"angle": 0, "axis": "y", "origin": [7.5, 1.5, 7.75]},
			"faces": {
				"north": {"uv": [0, 0, 1, 1], "texture": "#4"},
				"east": {"uv": [0, 0, 0, 1], "texture": "#missing"},
				"south": {"uv": [0, 0, 1, 1], "texture": "#4"},
				"west": {"uv": [0, 0, 0, 1], "texture": "#missing"},
				"up": {"uv": [0, 0, 1, 0], "rotation": 180, "texture": "#missing"},
				"down": {"uv": [0, 0, 1, 0], "rotation": 180, "texture": "#missing"}
			}
		},
		{
			"from": [7.89645, 1, 7.35355],
			"to": [8.89645, 2, 7.35355],
			"rotation": {"angle": -45, "axis": "y", "origin": [7.75, 1.5, 7]},
			"faces": {
				"north": {"uv": [0, 0, 1, 1], "texture": "#4"},
				"east": {"uv": [0, 0, 0, 1], "texture": "#missing"},
				"south": {"uv": [0, 0, 1, 1], "texture": "#4"},
				"west": {"uv": [0, 0, 0, 1], "texture": "#missing"},
				"up": {"uv": [0, 0, 1, 0], "rotation": 180, "texture": "#missing"},
				"down": {"uv": [0, 0, 1, 0], "rotation": 180, "texture": "#missing"}
			}
		},
		{
			"from": [8, 1, 8.25],
			"to": [8, 2, 9.25],
			"rotation": {"angle": 0, "axis": "y", "origin": [8.5, 1.5, 8.75]},
			"faces": {
				"north": {"uv": [0, 0, 0, 1], "texture": "#4"},
				"east": {"uv": [0, 0, 1, 1], "texture": "#4"},
				"south": {"uv": [0, 0, 0, 1], "texture": "#4"},
				"west": {"uv": [0, 0, 1, 1], "texture": "#4"},
				"up": {"uv": [0, 0, 1, 0], "rotation": 90, "texture": "#4"},
				"down": {"uv": [0, 0, 1, 0], "rotation": 270, "texture": "#4"}
			}
		},
		{
			"from": [8.89645, 1, 8.85355],
			"to": [8.89645, 2, 9.85355],
			"rotation": {"angle": -45, "axis": "y", "origin": [9.25, 1.5, 7]},
			"faces": {
				"north": {"uv": [0, 0, 0, 1], "texture": "#missing"},
				"east": {"uv": [0, 0, 1, 1], "texture": "#4"},
				"south": {"uv": [0, 0, 0, 1], "texture": "#missing"},
				"west": {"uv": [0, 0, 1, 1], "texture": "#4"},
				"up": {"uv": [0, 0, 1, 0], "rotation": 90, "texture": "#missing"},
				"down": {"uv": [0, 0, 1, 0], "rotation": 270, "texture": "#missing"}
			}
		},
		{
			"from": [6.5, 1, 7.75],
			"to": [7.5, 2, 7.75],
			"rotation": {"angle": 0, "axis": "y", "origin": [7.5, 1.5, 7.75]},
			"faces": {
				"north": {"uv": [0, 0, 1, 1], "texture": "#4"},
				"east": {"uv": [0, 0, 0, 1], "texture": "#4"},
				"south": {"uv": [0, 0, 1, 1], "texture": "#4"},
				"west": {"uv": [0, 0, 0, 1], "texture": "#4"},
				"up": {"uv": [0, 0, 1, 0], "rotation": 180, "texture": "#4"},
				"down": {"uv": [0, 0, 1, 0], "rotation": 180, "texture": "#4"}
			}
		},
		{
			"from": [6.89645, 1, 7.35355],
			"to": [7.89645, 2, 7.35355],
			"rotation": {"angle": -45, "axis": "y", "origin": [7.75, 1.5, 7]},
			"faces": {
				"north": {"uv": [0, 0, 1, 1], "texture": "#4"},
				"east": {"uv": [0, 0, 0, 1], "texture": "#4"},
				"south": {"uv": [0, 0, 1, 1], "texture": "#4"},
				"west": {"uv": [0, 0, 0, 1], "texture": "#4"},
				"up": {"uv": [0, 0, 1, 0], "rotation": 180, "texture": "#4"},
				"down": {"uv": [0, 0, 1, 0], "rotation": 180, "texture": "#4"}
			}
		},
		{
			"from": [7.75, 1, 7.5],
			"to": [8.25, 2, 8],
			"rotation": {"angle": 0, "axis": "y", "origin": [16.25, 9, 15.5]},
			"faces": {
				"north": {"uv": [0, 0, 0.5, 1], "texture": "#4"},
				"east": {"uv": [0, 0, 0.5, 1], "texture": "#4"},
				"south": {"uv": [0, 0, 0.5, 1], "texture": "#4"},
				"west": {"uv": [0, 0, 0.5, 1], "texture": "#4"},
				"up": {"uv": [0, 0, 0.5, 0.5], "texture": "#1"},
				"down": {"uv": [0, 0, 0.5, 0.5], "texture": "#1"}
			}
		}
	],
	"display": {
		"thirdperson_righthand": {
			"rotation": [176, -8, -180],
			"translation": [0.25, 5, -2.5],
			"scale": [0.7, 0.7, 0.7]
		},
		"thirdperson_lefthand": {
			"rotation": [176, -8, -180],
			"translation": [0.25, 5, -2.5],
			"scale": [0.7, 0.7, 0.7]
		},
		"firstperson_righthand": {
			"rotation": [54, 0, 72],
			"translation": [-2, -1, 0]
		},
		"firstperson_lefthand": {
			"rotation": [47, 0, 86],
			"translation": [0, -0.75, 0]
		},
		"ground": {
			"rotation": [90, 0, 0],
			"translation": [0, 2.5, 8],
			"scale": [1.13, 1.13, 1.13]
		},
		"gui": {
			"rotation": [90, 0, 0],
			"translation": [0, -4, 0],
			"scale": [1.13, 1.13, 1.13]
		},
		"head": {
			"rotation": [90, 0, -180],
			"translation": [0, -5.5, -16],
			"scale": [1.19, 1.19, 1.19]
		},
		"fixed": {
			"rotation": [90, 0, -180],
			"translation": [-0.25, -4.5, -9.5],
			"scale": [1.19, 1.19, 1.19]
		}
	}
}