{
	"credit": "Made with Blockbench",
	"parent": "item/block",
	"textures": {
		"0": "block/anvil",
		"1": "block/acacia_log",
		"3": "item/custom/gmask/red",
		"particle": "block/anvil"
	},
	"elements": [
		{
			"from": [5, 0, 4],
			"to": [12, 4, 6],
			"faces": {
				"north": {"uv": [6, 2, 13, 6], "texture": "#0"},
				"east": {"uv": [9, 1, 11, 5], "texture": "#0"},
				"south": {"uv": [6, 1, 13, 5], "texture": "#0"},
				"west": {"uv": [7, 2, 9, 6], "texture": "#0"},
				"up": {"uv": [7, 2, 14, 4], "texture": "#0"},
				"down": {"uv": [5, 2, 12, 4], "texture": "#0"}
			}
		},
		{
			"from": [4.5, 3, 3.5],
			"to": [12.5, 8.25, 6.5],
			"faces": {
				"north": {"uv": [0, 0, 8, 5.25], "texture": "#0"},
				"east": {"uv": [0, 0, 3, 5.25], "texture": "#0"},
				"south": {"uv": [0, 0, 8, 5.25], "texture": "#0"},
				"west": {"uv": [0, 0, 3, 5.25], "texture": "#0"},
				"up": {"uv": [0, 0, 8, 3], "texture": "#0"},
				"down": {"uv": [0, 0, 8, 3], "texture": "#0"}
			}
		},
		{
			"from": [3.5, -1, 3.5],
			"to": [6.5, 2, 6.5],
			"faces": {
				"north": {"uv": [0, 0, 3, 3], "texture": "#1"},
				"east": {"uv": [0, 0, 3, 3], "texture": "#1"},
				"south": {"uv": [2, 11, 5, 14], "texture": "#1"},
				"west": {"uv": [0, 0, 3, 3], "texture": "#1"},
				"up": {"uv": [0, 0, 3, 3], "texture": "#1"},
				"down": {"uv": [0, 0, 3, 3], "texture": "#1"}
			}
		},
		{
			"from": [10.5, -1, 3.5],
			"to": [13.5, 2, 6.5],
			"faces": {
				"north": {"uv": [0, 0, 3, 3], "texture": "#1"},
				"east": {"uv": [0, 0, 3, 3], "texture": "#1"},
				"south": {"uv": [12, 11, 15, 14], "texture": "#1"},
				"west": {"uv": [0, 0, 3, 3], "texture": "#1"},
				"up": {"uv": [0, 0, 3, 3], "texture": "#1"},
				"down": {"uv": [0, 0, 3, 3], "texture": "#1"}
			}
		},
		{
			"from": [4.5, 5, 1.5],
			"to": [7.5, 8, 3.5],
			"faces": {
				"north": {"uv": [0, 0, 3, 3], "texture": "#1"},
				"east": {"uv": [0, 0, 3, 3], "texture": "#1"},
				"south": {"uv": [0, 0, 3, 3], "texture": "#1"},
				"west": {"uv": [0, 0, 3, 3], "texture": "#1"},
				"up": {"uv": [0, 0, 3, 3], "texture": "#1"},
				"down": {"uv": [0, 0, 3, 3], "texture": "#1"}
			}
		},
		{
			"from": [9.5, 5, 1.5],
			"to": [12.5, 8, 3.5],
			"faces": {
				"north": {"uv": [0, 0, 3, 3], "texture": "#1"},
				"east": {"uv": [0, 0, 3, 3], "texture": "#1"},
				"south": {"uv": [0, 0, 3, 3], "texture": "#1"},
				"west": {"uv": [0, 0, 3, 3], "texture": "#1"},
				"up": {"uv": [0, 0, 3, 3], "texture": "#1"},
				"down": {"uv": [0, 0, 3, 3], "texture": "#1"}
			}
		},
		{
			"from": [5, 2, 1.75],
			"to": [7, 5, 3.5],
			"faces": {
				"north": {"uv": [0, 0, 2, 3], "texture": "#3"},
				"east": {"uv": [0, 0, 2, 3], "texture": "#3"},
				"south": {"uv": [0, 0, 2, 3], "texture": "#3"},
				"west": {"uv": [0, 0, 2, 3], "texture": "#3"},
				"up": {"uv": [0, 0, 2, 3], "texture": "#3"},
				"down": {"uv": [0, 0, 2, 3], "texture": "#3"}
			}
		},
		{
			"from": [10, 2, 1.75],
			"to": [12, 5, 3.5],
			"faces": {
				"north": {"uv": [0, 0, 2, 3], "texture": "#3"},
				"east": {"uv": [0, 0, 2, 3], "texture": "#3"},
				"south": {"uv": [0, 0, 2, 3], "texture": "#3"},
				"west": {"uv": [0, 0, 2, 3], "texture": "#3"},
				"up": {"uv": [0, 0, 2, 3], "texture": "#3"},
				"down": {"uv": [0, 0, 2, 3], "texture": "#3"}
			}
		},
		{
			"from": [5, 8, 4.5],
			"to": [12, 8.75, 5.5],
			"faces": {
				"north": {"uv": [0, 0, 7, 0.75], "texture": "#0"},
				"east": {"uv": [0, 0, 1, 0.75], "texture": "#0"},
				"south": {"uv": [0, 0, 7, 0.75], "texture": "#0"},
				"west": {"uv": [0, 0, 1, 0.75], "texture": "#0"},
				"up": {"uv": [0, 0, 7, 1], "texture": "#0"},
				"down": {"uv": [0, 0, 7, 1], "texture": "#0"}
			}
		}
	],
	"display": {
		"thirdperson_righthand": {
			"rotation": [82, -46, 0],
			"translation": [-1.75, -3.25, 1.25]
		},
		"thirdperson_lefthand": {
			"rotation": [68, -180, 0],
			"translation": [-6.5, -2, 10.75],
			"scale": [1.24, 1.24, 1.24]
		},
		"firstperson_righthand": {
			"translation": [0, 2.25, 0]
		},
		"firstperson_lefthand": {
			"translation": [-8.5, 26, 9.75],
			"scale": [0, 0, 0]
		},
		"ground": {
			"translation": [-0.25, 4.75, 4.5]
		},
		"gui": {
			"rotation": [33, 132, 0],
			"translation": [3.5, 5.5, 0],
			"scale": [1.19, 1.19, 1.19]
		},
		"head": {
			"translation": [-1, 15.75, 7],
			"scale": [2, 2, 2]
		},
		"fixed": {
			"translation": [0, 3, 2]
		}
	},
	"groups": [
		{
			"name": "jetpack",
			"origin": [8, 8, 8],
			"children": [0, 1, 2, 3, 4, 5, 6, 7, 8]
		}
	]
}