{
  "overrides": [
    {
      "predicate": {
        "damage": 0.9847328244274809,
        "damaged": 0
      },
      "model": "vanilla_additions:item/redstone_sword"
    },
    {
      "predicate": {
        "damage": 1.0,
        "damaged": 0
      },
      "model": "vanilla_additions:item/end_stone_sword"
    },
    {
      "predicate": {
        "damage": 0.0,
        "damaged": 1
      },
      "model": "item/stone_sword"
    }
  ],
  "parent": "item/handheld",
  "textures": {
    "layer0": "item/stone_sword"
  }
}