{
  "overrides": [
    {
      "predicate": {
        "damage": 0.9236641221374046,
        "damaged": 0
      },
      "model": "vanilla_additions:item/stone_hammer"
    },
    {
      "predicate": {
        "damage": 0.9312977099236641,
        "damaged": 0
      },
      "model": "vanilla_additions:item/redstone_hammer"
    },
    {
      "predicate": {
        "damage": 0.9465648854961832,
        "damaged": 0
      },
      "model": "vanilla_additions:item/end_stone_hammer"
    },
    {
      "predicate": {
        "damage": 0.9694656488549618,
        "damaged": 0
      },
      "model": "vanilla_additions:item/redstone_pickaxe"
    },
    {
      "predicate": {
        "damage": 1.0,
        "damaged": 0
      },
      "model": "vanilla_additions:item/end_stone_pickaxe"
    },
    {
      "predicate": {
        "damage": 0.0,
        "damaged": 1
      },
      "model": "item/stone_pickaxe"
    }
  ],
  "parent": "item/handheld",
  "textures": {
    "layer0": "item/stone_pickaxe"
  }
}