{
  "overrides": [
    {
      "predicate": {
        "damage": 0.7288135593220338,
        "damaged": 0
      },
      "model": "vanilla_additions:item/big_oak_wood_hoe"
    },
    {
      "predicate": {
        "damage": 0.7627118644067796,
        "damaged": 0
      },
      "model": "vanilla_additions:item/acacia_wood_hoe"
    },
    {
      "predicate": {
        "damage": 0.7966101694915254,
        "damaged": 0
      },
      "model": "vanilla_additions:item/jungle_wood_hoe"
    },
    {
      "predicate": {
        "damage": 0.8305084745762712,
        "damaged": 0
      },
      "model": "vanilla_additions:item/birch_wood_hoe"
    },
    {
      "predicate": {
        "damage": 0.864406779661017,
        "damaged": 0
      },
      "model": "vanilla_additions:item/spruce_wood_hoe"
    },
    {
      "predicate": {
        "damage": 0.8983050847457628,
        "damaged": 0
      },
      "model": "vanilla_additions:item/oak_wood_hoe"
    },
    {
      "predicate": {
        "damage": 0.9322033898305084,
        "damaged": 0
      },
      "model": "vanilla_additions:item/slime_hoe"
    },
    {
      "predicate": {
        "damage": 0.9661016949152542,
        "damaged": 0
      },
      "model": "vanilla_additions:item/clay_hoe"
    },
    {
      "predicate": {
        "damage": 1.0,
        "damaged": 0
      },
      "model": "vanilla_additions:item/coal_hoe"
    },
    {
      "predicate": {
        "damage": 0.0,
        "damaged": 1
      },
      "model": "item/wooden_hoe"
    }
  ],
  "parent": "item/handheld",
  "textures": {
    "layer0": "item/wooden_hoe"
  }
}