{
	"credit": "Made with Blockbench",
	"texture_size": [32, 32],
	"textures": {
		"5": "block/custom/gomb",
		"particle": "block/custom/gomb"
	},
	"elements": [
		{
			"from": [5, 0, 6],
			"to": [11, 1, 10],
			"faces": {
				"north": {"uv": [0, 0, 7.5, 1], "texture": "#5"},
				"east": {"uv": [0, 0, 5, 1], "texture": "#5"},
				"south": {"uv": [0, 0, 7.5, 1], "texture": "#5"},
				"west": {"uv": [0, 0, 5, 1], "texture": "#5"},
				"up": {"uv": [0, 5, 4.5, 2], "texture": "#5"},
				"down": {"uv": [0.5, 0, 1, 0.5], "texture": "#5", "cullface": "down"}
			}
		}
	]
}