{
	"credit": "Made with Blockbench",
	"texture_size": [32, 32],
	"textures": {
		"5": "block/custom/gomb",
		"particle": "block/custom/gomb"
	},
	"elements": [
		{
			"from": [5, 0, 6],
			"to": [11, 2, 10],
			"faces": {
				"north": {"uv": [0, 0, 7.5, 2], "texture": "#5"},
				"east": {"uv": [0, 0, 5, 2], "texture": "#5"},
				"south": {"uv": [0, 0, 7.5, 2], "texture": "#5"},
				"west": {"uv": [0, 0, 5, 2], "texture": "#5"},
				"up": {"uv": [0, 2, 4.5, 5], "texture": "#5"},
				"down": {"uv": [0.5, 0, 1, 0.5], "texture": "#5", "cullface": "down"}
			}
		}
	],
	"display": {
		"thirdperson_righthand": {
			"rotation": [19.25, 4.75, 29.5],
			"translation": [-1.75, 5.25, 3],
			"scale": [0.59, 0.59, 0.59]
		},
		"thirdperson_lefthand": {
			"rotation": [19.25, 4.75, 29.5],
			"translation": [-1.75, 5.25, 3],
			"scale": [0.59, 0.59, 0.59]
		},
		"firstperson_righthand": {
			"rotation": [19.25, 4.75, 29.5],
			"translation": [-1.75, 5.25, 3],
			"scale": [0.59, 0.59, 0.59]
		},
		"firstperson_lefthand": {
			"rotation": [19.25, 4.75, 29.5],
			"translation": [-1.75, 5.25, 3],
			"scale": [0.59, 0.59, 0.59]
		},
		"ground": {
			"translation": [0, 3.75, 0],
			"scale": [0.74, 0.74, 0.74]
		},
		"gui": {
			"rotation": [26, 34, 0],
			"translation": [0, 5.75, 0]
		},
		"head": {
			"rotation": [-90, 0, 0],
			"translation": [0, 3.75, -14.25]
		},
		"fixed": {
			"rotation": [-90, 0, 0],
			"translation": [0, 0, -8]
		}
	}
}