{ "parent": "block/block",
  "display": {
		"thirdperson_righthand": {
			"rotation": [32, 0, 1],
			"translation": [0, 2.75, 2.5],
			"scale": [0.53, 0.53, 0.53]
		},
		"thirdperson_lefthand": {
			"rotation": [32, 0, 1],
			"translation": [0, 2.75, 2.5],
			"scale": [0.53, 0.53, 0.53]
		},
		"firstperson_righthand": {
			"rotation": [0, -11, -10],
			"translation": [7.25, -0.5, -4.5]
		},
		"firstperson_lefthand": {
			"rotation": [0, -11, -10],
			"translation": [7.25, -0.5, -4.5]
		},
		"head": {
			"rotation": [-49, 0, 0],
			"translation": [0, 7.75, -8.5]
		},
		"ground": {
			"translation": [0, 5.25, 0],
			"scale": [0.72, 0.72, 0.72]
		},
		"fixed": {
			"rotation": [-44.25, 0, 0],
			"translation": [0, 0, -2.75],
			"scale": [0.83, 0.83, 0.83]
		},
		"gui": {
			"rotation": [30, 30, 0],
			"translation": [0, -0.25, 0],
			"scale": [0.8, 0.8, 0.8]
		}
	},
  "ambientocclusion": false,
  "textures": {
      "0": "item/custom/end_rod/texture4",
      "particle": "item/end_rod"
  },
  "elements": [
		{
			"from": [7, 1, 6],
			"to": [9, 15, 10],
			"faces": {
				"north": {"uv": [5, 2, 6, 9], "texture": "#0"},
				"east": {"uv": [2, 2, 0, 9], "texture": "#0"},
				"south": {"uv": [2, 2, 3, 9], "texture": "#0"},
				"west": {"uv": [0, 2, 2, 9], "texture": "#0"},
				"up": {"uv": [2, 0, 3, 2], "texture": "#0"},
				"down": {"uv": [3, 0, 4, 2], "texture": "#0"}
			}
		}
	]
}
