{
"__comment": "Designed by Sexytoad with BDcraft Cubik PRO 0.96 Beta - http://bdcraft.net",
"textures": {
    "camera_side": "hardcore_additions:items/camera_side",
    "camera_side_2": "hardcore_additions:items/camera_side_2",
    "camera_back": "hardcore_additions:items/camera_back",
    "camera_front": "hardcore_additions:items/camera_front",
    "camera_top": "hardcore_additions:items/camera_top",
    "camera_botom": "hardcore_additions:items/camera_botom"
},
"elements": [ 
{
    "__comment": "Camera",
    "from": [ 2, 0, 2.5 ],
    "to": [ 7.25, 10.25, 12.75 ],
    "faces": {
        "down":  { "uv": [ 14, 12.75, 8.75, 2.5 ], "texture": "#camera_botom", "cullface": "down" },
        "up":    { "uv": [ 2, 2.5, 7.25, 12.75 ], "texture": "#camera_top" },
        "north": { "uv": [ 8.75, 5.75, 14, 16 ], "texture": "#camera_side" },
        "south": { "uv": [ 2, 5.75, 7.25, 16 ], "texture": "#camera_side_2" },
        "west":  { "uv": [ 2.5, 5.75, 12.75, 16 ], "texture": "#camera_back" },
        "east":  { "uv": [ 3.25, 5.75, 13.5, 16 ], "texture": "#camera_front" }
    }
},
{
    "__comment": "Camera",
    "from": [ 5, 10.25, 10.5 ],
    "to": [ 7, 10.5, 12.5 ],
    "faces": {
        "up":    { "uv": [ 5, 10.5, 7, 12.5 ], "texture": "#camera_top" },
        "north": { "uv": [ 9, 5.5, 11, 5.75 ], "texture": "#camera_side" },
        "south": { "uv": [ 5, 5.5, 7, 5.75 ], "texture": "#camera_side_2" },
        "west":  { "uv": [ 10.5, 5.5, 12.5, 5.75 ], "texture": "#camera_back" },
        "east":  { "uv": [ 3.5, 5.5, 5.5, 5.75 ], "texture": "#camera_front" }
    }
},
{
    "__comment": "Camera",
    "from": [ 5.25, 14, 10.25 ],
    "to": [ 6.25, 14.25, 12.75 ],
    "faces": {
        "down":  { "uv": [ 10.75, 12.75, 9.75, 10.25 ], "texture": "#camera_top" },
        "up":    { "uv": [ 5.25, 10.25, 6.25, 12.75 ], "texture": "#camera_top" },
        "north": { "uv": [ 9.75, 1.75, 10.75, 2 ], "texture": "#camera_side" },
        "south": { "uv": [ 5.25, 1.75, 6.25, 2 ], "texture": "#camera_side_2" },
        "west":  { "uv": [ 10.25, 1.75, 12.75, 2 ], "texture": "#camera_back" },
        "east":  { "uv": [ 3.25, 1.75, 5.75, 2 ], "texture": "#camera_front" }
    }
},
{
    "__comment": "Camera",
    "from": [ 5.25, 13.5, 10.5 ],
    "to": [ 6.25, 14, 12.5 ],
    "faces": {
        "down":  { "uv": [ 10.75, 12.5, 9.75, 10.5 ], "texture": "#camera_top" },
        "north": { "uv": [ 9.75, 2, 10.75, 2.5 ], "texture": "#camera_side" },
        "south": { "uv": [ 5.25, 2, 6.25, 2.5 ], "texture": "#camera_side_2" },
        "west":  { "uv": [ 10.5, 2, 12.5, 2.5 ], "texture": "#camera_back" },
        "east":  { "uv": [ 3.5, 2, 5.5, 2.5 ], "texture": "#camera_front" }
    }
},
{
    "__comment": "Camera",
    "from": [ 5.25, 14.25, 10.5 ],
    "to": [ 6.25, 14.75, 12.5 ],
    "faces": {
        "up":    { "uv": [ 5.25, 10.5, 6.25, 12.5 ], "texture": "#camera_top" },
        "north": { "uv": [ 9.75, 1.25, 10.75, 1.75 ], "texture": "#camera_side" },
        "south": { "uv": [ 5.25, 1.25, 6.25, 1.75 ], "texture": "#camera_side_2" },
        "west":  { "uv": [ 10.5, 1.25, 12.5, 1.75 ], "texture": "#camera_back" },
        "east":  { "uv": [ 3.5, 1.25, 5.5, 1.75 ], "texture": "#camera_front" }
    }
},
{
    "__comment": "Camera",
    "from": [ 5.5, 13.75, 9.5 ],
    "to": [ 6.25, 14, 10.5 ],
    "faces": {
        "down":  { "uv": [ 10.5, 10.5, 9.75, 9.5 ], "texture": "#camera_top" },
        "up":    { "uv": [ 5.5, 9.5, 6.25, 10.5 ], "texture": "#camera_top" },
        "north": { "uv": [ 9.75, 2, 10.5, 2.25 ], "texture": "#camera_side" },
        "west":  { "uv": [ 9.5, 2, 10.5, 2.25 ], "texture": "#camera_back" },
        "east":  { "uv": [ 5.5, 2, 6.5, 2.25 ], "texture": "#camera_front" }
    }
},
{
    "__comment": "Camera",
    "from": [ 5.5, 14, 9.5 ],
    "to": [ 6.25, 14.5, 10.25 ],
    "faces": {
        "up":    { "uv": [ 5.5, 9.5, 6.25, 10.25 ], "texture": "#camera_top" },
        "north": { "uv": [ 9.75, 1.5, 10.5, 2 ], "texture": "#camera_side" },
        "south": { "uv": [ 5.5, 1.5, 6.25, 2 ], "texture": "#camera_side_2" },
        "west":  { "uv": [ 9.5, 1.5, 10.25, 2 ], "texture": "#camera_back" },
        "east":  { "uv": [ 5.75, 1.5, 6.5, 2 ], "texture": "#camera_front" }
    }
},
{
    "__comment": "Camera",
    "from": [ 5.5, 13.25, 9.75 ],
    "to": [ 6.25, 13.5, 13.25 ],
    "faces": {
        "down":  { "uv": [ 10.5, 13.25, 9.75, 9.75 ], "texture": "#camera_top" },
        "up":    { "uv": [ 5.5, 9.75, 6.25, 13.25 ], "texture": "#camera_top" },
        "north": { "uv": [ 9.75, 2.5, 10.5, 2.75 ], "texture": "#camera_side" },
        "south": { "uv": [ 5.5, 2.5, 6.25, 2.75 ], "texture": "#camera_side_2" },
        "west":  { "uv": [ 9.75, 2.5, 13.25, 2.75 ], "texture": "#camera_back" },
        "east":  { "uv": [ 2.75, 2.5, 6.25, 2.75 ], "texture": "#camera_front" }
    }
},
{
    "__comment": "Camera",
    "from": [ 5.5, 13.5, 9.75 ],
    "to": [ 6.25, 13.75, 10.5 ],
    "faces": {
        "north": { "uv": [ 9.75, 2.25, 10.5, 2.5 ], "texture": "#camera_side" },
        "west":  { "uv": [ 9.75, 2.25, 10.5, 2.5 ], "texture": "#camera_back" },
        "east":  { "uv": [ 5.5, 2.25, 6.25, 2.5 ], "texture": "#camera_front" }
    }
},
{
    "__comment": "Camera",
    "from": [ 5.5, 14.5, 9.75 ],
    "to": [ 6.25, 15, 10.5 ],
    "faces": {
        "down":  { "uv": [ 10.5, 10.5, 9.75, 9.75 ], "texture": "#camera_top" },
        "up":    { "uv": [ 5.5, 9.75, 6.25, 10.5 ], "texture": "#camera_top" },
        "north": { "uv": [ 9.75, 1, 10.5, 1.5 ], "texture": "#camera_side" },
        "south": { "uv": [ 5.5, 1, 6.25, 1.5 ], "texture": "#camera_side_2" },
        "west":  { "uv": [ 9.75, 1, 10.5, 1.5 ], "texture": "#camera_back" },
        "east":  { "uv": [ 5.5, 1, 6.25, 1.5 ], "texture": "#camera_front" }
    }
},
{
    "__comment": "Camera",
    "from": [ 5.5, 13, 10 ],
    "to": [ 6.25, 13.25, 13 ],
    "faces": {
        "down":  { "uv": [ 10.5, 13, 9.75, 10 ], "texture": "#camera_top" },
        "north": { "uv": [ 9.75, 2.75, 10.5, 3 ], "texture": "#camera_side" },
        "south": { "uv": [ 5.5, 2.75, 6.25, 3 ], "texture": "#camera_side_2" },
        "west":  { "uv": [ 10, 2.75, 13, 3 ], "texture": "#camera_back" },
        "east":  { "uv": [ 3, 2.75, 6, 3 ], "texture": "#camera_front" }
    }
},
{
    "__comment": "Camera",
    "from": [ 5.5, 15, 10 ],
    "to": [ 6.25, 15.25, 13.25 ],
    "faces": {
        "down":  { "uv": [ 10.5, 13.25, 9.75, 10 ], "texture": "#camera_top" },
        "up":    { "uv": [ 5.5, 10, 6.25, 13.25 ], "texture": "#camera_top" },
        "north": { "uv": [ 9.75, 0.75, 10.5, 1 ], "texture": "#camera_side" },
        "south": { "uv": [ 5.5, 0.75, 6.25, 1 ], "texture": "#camera_side_2" },
        "west":  { "uv": [ 10, 0.75, 13.25, 1 ], "texture": "#camera_back" },
        "east":  { "uv": [ 2.75, 0.75, 6, 1 ], "texture": "#camera_front" }
    }
},
{
    "__comment": "Camera",
    "from": [ 5.5, 12.75, 10.25 ],
    "to": [ 6.25, 13, 13 ],
    "faces": {
        "down":  { "uv": [ 10.5, 13, 9.75, 10.25 ], "texture": "#camera_top" },
        "north": { "uv": [ 9.75, 3, 10.5, 3.25 ], "texture": "#camera_side" },
        "south": { "uv": [ 5.5, 3, 6.25, 3.25 ], "texture": "#camera_side_2" },
        "west":  { "uv": [ 10.25, 3, 13, 3.25 ], "texture": "#camera_back" },
        "east":  { "uv": [ 3, 3, 5.75, 3.25 ], "texture": "#camera_front" }
    }
},
{
    "__comment": "Camera",
    "from": [ 5.5, 14.25, 10.25 ],
    "to": [ 6.25, 14.5, 10.5 ],
    "faces": {
        "west":  { "uv": [ 10.25, 1.5, 10.5, 1.75 ], "texture": "#camera_back" },
        "east":  { "uv": [ 5.5, 1.5, 5.75, 1.75 ], "texture": "#camera_front" }
    }
},
{
    "__comment": "Camera",
    "from": [ 5.5, 15.25, 10.25 ],
    "to": [ 6.25, 15.5, 13 ],
    "faces": {
        "up":    { "uv": [ 5.5, 10.25, 6.25, 13 ], "texture": "#camera_top" },
        "north": { "uv": [ 9.75, 0.5, 10.5, 0.75 ], "texture": "#camera_side" },
        "south": { "uv": [ 5.5, 0.5, 6.25, 0.75 ], "texture": "#camera_side_2" },
        "west":  { "uv": [ 10.25, 0.5, 13, 0.75 ], "texture": "#camera_back" },
        "east":  { "uv": [ 3, 0.5, 5.75, 0.75 ], "texture": "#camera_front" }
    }
},
{
    "__comment": "Camera",
    "from": [ 5.5, 12.5, 10.5 ],
    "to": [ 6.25, 12.75, 12.75 ],
    "faces": {
        "down":  { "uv": [ 10.5, 12.75, 9.75, 10.5 ], "texture": "#camera_top" },
        "north": { "uv": [ 9.75, 3.25, 10.5, 3.5 ], "texture": "#camera_side" },
        "south": { "uv": [ 5.5, 3.25, 6.25, 3.5 ], "texture": "#camera_side_2" },
        "west":  { "uv": [ 10.5, 3.25, 12.75, 3.5 ], "texture": "#camera_back" },
        "east":  { "uv": [ 3.25, 3.25, 5.5, 3.5 ], "texture": "#camera_front" }
    }
},
{
    "__comment": "Camera",
    "from": [ 5.5, 14.75, 10.5 ],
    "to": [ 6.25, 15, 13.25 ],
    "faces": {
        "down":  { "uv": [ 10.5, 13.25, 9.75, 10.5 ], "texture": "#camera_top" },
        "south": { "uv": [ 5.5, 1, 6.25, 1.25 ], "texture": "#camera_side_2" },
        "west":  { "uv": [ 10.5, 1, 13.25, 1.25 ], "texture": "#camera_back" },
        "east":  { "uv": [ 2.75, 1, 5.5, 1.25 ], "texture": "#camera_front" }
    }
},
{
    "__comment": "Camera",
    "from": [ 5.5, 15.5, 10.5 ],
    "to": [ 6.25, 15.75, 12.75 ],
    "faces": {
        "up":    { "uv": [ 5.5, 10.5, 6.25, 12.75 ], "texture": "#camera_top" },
        "north": { "uv": [ 9.75, 0.25, 10.5, 0.5 ], "texture": "#camera_side" },
        "south": { "uv": [ 5.5, 0.25, 6.25, 0.5 ], "texture": "#camera_side_2" },
        "west":  { "uv": [ 10.5, 0.25, 12.75, 0.5 ], "texture": "#camera_back" },
        "east":  { "uv": [ 3.25, 0.25, 5.5, 0.5 ], "texture": "#camera_front" }
    }
},
{
    "__comment": "Camera",
    "from": [ 5.5, 12.25, 10.75 ],
    "to": [ 6.25, 12.5, 12.25 ],
    "faces": {
        "down":  { "uv": [ 10.5, 12.25, 9.75, 10.75 ], "texture": "#camera_top" },
        "north": { "uv": [ 9.75, 3.5, 10.5, 3.75 ], "texture": "#camera_side" },
        "south": { "uv": [ 5.5, 3.5, 6.25, 3.75 ], "texture": "#camera_side_2" },
        "west":  { "uv": [ 10.75, 3.5, 12.25, 3.75 ], "texture": "#camera_back" },
        "east":  { "uv": [ 3.75, 3.5, 5.25, 3.75 ], "texture": "#camera_front" }
    }
},
{
    "__comment": "Camera",
    "from": [ 5.5, 15.75, 10.75 ],
    "to": [ 6.25, 16, 12.25 ],
    "faces": {
        "up":    { "uv": [ 5.5, 10.75, 6.25, 12.25 ], "texture": "#camera_top", "cullface": "up" },
        "north": { "uv": [ 9.75, 0, 10.5, 0.25 ], "texture": "#camera_side" },
        "south": { "uv": [ 5.5, 0, 6.25, 0.25 ], "texture": "#camera_side_2" },
        "west":  { "uv": [ 10.75, 0, 12.25, 0.25 ], "texture": "#camera_back" },
        "east":  { "uv": [ 3.75, 0, 5.25, 0.25 ], "texture": "#camera_front" }
    }
},
{
    "__comment": "Camera",
    "from": [ 5.5, 10.5, 11 ],
    "to": [ 6.25, 12.25, 12 ],
    "faces": {
        "north": { "uv": [ 9.75, 3.75, 10.5, 5.5 ], "texture": "#camera_side" },
        "south": { "uv": [ 5.5, 3.75, 6.25, 5.5 ], "texture": "#camera_side_2" },
        "west":  { "uv": [ 11, 3.75, 12, 5.5 ], "texture": "#camera_back" },
        "east":  { "uv": [ 4, 3.75, 5, 5.5 ], "texture": "#camera_front" }
    }
},
{
    "__comment": "Camera",
    "from": [ 5.5, 13.5, 12.5 ],
    "to": [ 6.25, 14, 13.25 ],
    "faces": {
        "up":    { "uv": [ 5.5, 12.5, 6.25, 13.25 ], "texture": "#camera_top" },
        "south": { "uv": [ 5.5, 2, 6.25, 2.5 ], "texture": "#camera_side_2" },
        "west":  { "uv": [ 12.5, 2, 13.25, 2.5 ], "texture": "#camera_back" },
        "east":  { "uv": [ 2.75, 2, 3.5, 2.5 ], "texture": "#camera_front" }
    }
},
{
    "__comment": "Camera",
    "from": [ 5.5, 14.25, 12.5 ],
    "to": [ 6.25, 14.5, 13.5 ],
    "faces": {
        "down":  { "uv": [ 10.5, 13.5, 9.75, 12.5 ], "texture": "#camera_top" },
        "up":    { "uv": [ 5.5, 12.5, 6.25, 13.5 ], "texture": "#camera_top" },
        "south": { "uv": [ 5.5, 1.5, 6.25, 1.75 ], "texture": "#camera_side_2" },
        "west":  { "uv": [ 12.5, 1.5, 13.5, 1.75 ], "texture": "#camera_back" },
        "east":  { "uv": [ 2.5, 1.5, 3.5, 1.75 ], "texture": "#camera_front" }
    }
},
{
    "__comment": "Camera",
    "from": [ 5.5, 14.5, 12.5 ],
    "to": [ 6.25, 14.75, 13.25 ],
    "faces": {
        "south": { "uv": [ 5.5, 1.25, 6.25, 1.5 ], "texture": "#camera_side_2" },
        "west":  { "uv": [ 12.5, 1.25, 13.25, 1.5 ], "texture": "#camera_back" },
        "east":  { "uv": [ 2.75, 1.25, 3.5, 1.5 ], "texture": "#camera_front" }
    }
},
{
    "__comment": "Camera",
    "from": [ 5.5, 14, 12.75 ],
    "to": [ 6.25, 14.25, 13.5 ],
    "faces": {
        "down":  { "uv": [ 10.5, 13.5, 9.75, 12.75 ], "texture": "#camera_top" },
        "south": { "uv": [ 5.5, 1.75, 6.25, 2 ], "texture": "#camera_side_2" },
        "west":  { "uv": [ 12.75, 1.75, 13.5, 2 ], "texture": "#camera_back" },
        "east":  { "uv": [ 2.5, 1.75, 3.25, 2 ], "texture": "#camera_front" }
    }
},
{
    "__comment": "Camera",
    "from": [ 5.5, 13.75, 13.25 ],
    "to": [ 6.25, 14, 13.5 ],
    "faces": {
        "down":  { "uv": [ 10.5, 13.5, 9.75, 13.25 ], "texture": "#camera_top" },
        "south": { "uv": [ 5.5, 2, 6.25, 2.25 ], "texture": "#camera_side_2" },
        "west":  { "uv": [ 13.25, 2, 13.5, 2.25 ], "texture": "#camera_back" },
        "east":  { "uv": [ 2.5, 2, 2.75, 2.25 ], "texture": "#camera_front" }
    }
},
{
    "__comment": "Camera",
    "from": [ 7.25, 0, 2.5 ],
    "to": [ 13.75, 0.5, 12.75 ],
    "faces": {
        "down":  { "uv": [ 8.75, 12.75, 2.25, 2.5 ], "texture": "#camera_botom", "cullface": "down" },
        "up":    { "uv": [ 7.25, 2.5, 13.75, 12.75 ], "texture": "#camera_top" },
        "north": { "uv": [ 2.25, 15.5, 8.75, 16 ], "texture": "#camera_side" },
        "south": { "uv": [ 7.25, 15.5, 13.75, 16 ], "texture": "#camera_side_2" },
        "east":  { "uv": [ 3.25, 15.5, 13.5, 16 ], "texture": "#camera_front" }
    }
},
{
    "__comment": "Camera",
    "from": [ 7.25, 0.5, 2.75 ],
    "to": [ 7.5, 10, 12.5 ],
    "faces": {
        "up":    { "uv": [ 7.25, 2.75, 7.5, 12.5 ], "texture": "#camera_top" },
        "north": { "uv": [ 8.5, 6, 8.75, 15.5 ], "texture": "#camera_side" },
        "south": { "uv": [ 7.25, 6, 7.5, 15.5 ], "texture": "#camera_side_2" },
        "east":  { "uv": [ 3.5, 6, 13.25, 15.5 ], "texture": "#camera_front" }
    }
},
{
    "__comment": "Camera",
    "from": [ 7.5, 0.5, 2.75 ],
    "to": [ 8, 0.75, 12.75 ],
    "faces": {
        "up":    { "uv": [ 7.5, 2.75, 8, 12.75 ], "texture": "#camera_top" },
        "north": { "uv": [ 8, 15.25, 8.5, 15.5 ], "texture": "#camera_side" },
        "south": { "uv": [ 7.5, 15.25, 8, 15.5 ], "texture": "#camera_side_2" },
        "west":  { "uv": [ 2.75, 15.25, 12.75, 15.5 ], "texture": "#camera_back" },
        "east":  { "uv": [ 3.25, 15.25, 13.25, 15.5 ], "texture": "#camera_front" }
    }
},
{
    "__comment": "Camera",
    "from": [ 7.5, 0.75, 2.75 ],
    "to": [ 8, 1, 12.5 ],
    "faces": {
        "up":    { "uv": [ 7.5, 2.75, 8, 12.5 ], "texture": "#camera_top" },
        "north": { "uv": [ 8, 15, 8.5, 15.25 ], "texture": "#camera_side" },
        "south": { "uv": [ 7.5, 15, 8, 15.25 ], "texture": "#camera_side_2" },
        "east":  { "uv": [ 3.5, 15, 13.25, 15.25 ], "texture": "#camera_front" }
    }
},
{
    "__comment": "Camera",
    "from": [ 7.5, 1, 3 ],
    "to": [ 8, 1.25, 12.5 ],
    "faces": {
        "up":    { "uv": [ 7.5, 3, 8, 12.5 ], "texture": "#camera_top" },
        "north": { "uv": [ 8, 14.75, 8.5, 15 ], "texture": "#camera_side" },
        "south": { "uv": [ 7.5, 14.75, 8, 15 ], "texture": "#camera_side_2" },
        "east":  { "uv": [ 3.5, 14.75, 13, 15 ], "texture": "#camera_front" }
    }
},
{
    "__comment": "Camera",
    "from": [ 7.5, 1.25, 3.25 ],
    "to": [ 8.25, 1.5, 12.25 ],
    "faces": {
        "down":  { "uv": [ 8.5, 12.25, 7.75, 3.25 ], "texture": "#camera_top" },
        "up":    { "uv": [ 7.5, 3.25, 8.25, 12.25 ], "texture": "#camera_top" },
        "north": { "uv": [ 7.75, 14.5, 8.5, 14.75 ], "texture": "#camera_side" },
        "south": { "uv": [ 7.5, 14.5, 8.25, 14.75 ], "texture": "#camera_side_2" },
        "east":  { "uv": [ 3.75, 14.5, 12.75, 14.75 ], "texture": "#camera_front" }
    }
},
{
    "__comment": "Camera",
    "from": [ 7.5, 1.5, 3.25 ],
    "to": [ 7.75, 9.75, 12 ],
    "faces": {
        "up":    { "uv": [ 7.5, 3.25, 7.75, 12 ], "texture": "#camera_top" },
        "north": { "uv": [ 8.25, 6.25, 8.5, 14.5 ], "texture": "#camera_side" },
        "south": { "uv": [ 7.5, 6.25, 7.75, 14.5 ], "texture": "#camera_side_2" },
        "east":  { "uv": [ 4, 6.25, 12.75, 14.5 ], "texture": "#camera_front" }
    }
},
{
    "__comment": "Camera",
    "from": [ 7.75, 1.25, 3 ],
    "to": [ 8.25, 1.5, 3.25 ],
    "faces": {
        "down":  { "uv": [ 8.25, 3.25, 7.75, 3 ], "texture": "#camera_top" },
        "up":    { "uv": [ 7.75, 3, 8.25, 3.25 ], "texture": "#camera_top" },
        "north": { "uv": [ 7.75, 14.5, 8.25, 14.75 ], "texture": "#camera_side" },
        "west":  { "uv": [ 3, 14.5, 3.25, 14.75 ], "texture": "#camera_back" },
        "east":  { "uv": [ 12.75, 14.5, 13, 14.75 ], "texture": "#camera_front" }
    }
},
{
    "__comment": "Camera",
    "from": [ 7.75, 1.5, 3.25 ],
    "to": [ 8.5, 1.75, 12 ],
    "faces": {
        "down":  { "uv": [ 8.25, 12, 7.5, 3.25 ], "texture": "#camera_top" },
        "up":    { "uv": [ 7.75, 3.25, 8.5, 12 ], "texture": "#camera_top" },
        "north": { "uv": [ 7.5, 14.25, 8.25, 14.5 ], "texture": "#camera_side" },
        "south": { "uv": [ 7.75, 14.25, 8.5, 14.5 ], "texture": "#camera_side_2" },
        "east":  { "uv": [ 4, 14.25, 12.75, 14.5 ], "texture": "#camera_front" }
    }
},
{
    "__comment": "Camera",
    "from": [ 7.75, 1.75, 3.5 ],
    "to": [ 8.5, 2, 12 ],
    "faces": {
        "up":    { "uv": [ 7.75, 3.5, 8.5, 12 ], "texture": "#camera_top" },
        "north": { "uv": [ 7.5, 14, 8.25, 14.25 ], "texture": "#camera_side" },
        "south": { "uv": [ 7.75, 14, 8.5, 14.25 ], "texture": "#camera_side_2" },
        "east":  { "uv": [ 4, 14, 12.5, 14.25 ], "texture": "#camera_front" }
    }
},
{
    "__comment": "Camera",
    "from": [ 7.75, 2, 3.5 ],
    "to": [ 8.5, 2.25, 11.75 ],
    "faces": {
        "up":    { "uv": [ 7.75, 3.5, 8.5, 11.75 ], "texture": "#camera_top" },
        "north": { "uv": [ 7.5, 13.75, 8.25, 14 ], "texture": "#camera_side" },
        "south": { "uv": [ 7.75, 13.75, 8.5, 14 ], "texture": "#camera_side_2" },
        "east":  { "uv": [ 4.25, 13.75, 12.5, 14 ], "texture": "#camera_front" }
    }
},
{
    "__comment": "Camera",
    "from": [ 7.75, 2.25, 3.75 ],
    "to": [ 8.75, 2.5, 11.75 ],
    "faces": {
        "down":  { "uv": [ 8.25, 11.75, 7.25, 3.75 ], "texture": "#camera_top" },
        "up":    { "uv": [ 7.75, 3.75, 8.75, 11.75 ], "texture": "#camera_top" },
        "north": { "uv": [ 7.25, 13.5, 8.25, 13.75 ], "texture": "#camera_side" },
        "south": { "uv": [ 7.75, 13.5, 8.75, 13.75 ], "texture": "#camera_side_2" },
        "east":  { "uv": [ 4.25, 13.5, 12.25, 13.75 ], "texture": "#camera_front" }
    }
},
{
    "__comment": "Camera",
    "from": [ 7.75, 2.5, 3.75 ],
    "to": [ 8, 9.5, 11.5 ],
    "faces": {
        "up":    { "uv": [ 7.75, 3.75, 8, 11.5 ], "texture": "#camera_top" },
        "north": { "uv": [ 8, 6.5, 8.25, 13.5 ], "texture": "#camera_side" },
        "south": { "uv": [ 7.75, 6.5, 8, 13.5 ], "texture": "#camera_side_2" },
        "east":  { "uv": [ 4.5, 6.5, 12.25, 13.5 ], "texture": "#camera_front" }
    }
},
{
    "__comment": "Camera",
    "from": [ 8, 0.5, 3 ],
    "to": [ 8.25, 1.25, 12.25 ],
    "faces": {
        "up":    { "uv": [ 8, 3, 8.25, 12.25 ], "texture": "#camera_top" },
        "north": { "uv": [ 7.75, 14.75, 8, 15.5 ], "texture": "#camera_side" },
        "south": { "uv": [ 8, 14.75, 8.25, 15.5 ], "texture": "#camera_side_2" },
        "west":  { "uv": [ 3, 14.75, 12.25, 15.5 ], "texture": "#camera_back" },
        "east":  { "uv": [ 3.75, 14.75, 13, 15.5 ], "texture": "#camera_front" }
    }
},
{
    "__comment": "Camera",
    "from": [ 8, 2.5, 3.75 ],
    "to": [ 8.5, 2.75, 11.5 ],
    "faces": {
        "up":    { "uv": [ 8, 3.75, 8.5, 11.5 ], "texture": "#camera_top" },
        "north": { "uv": [ 7.5, 13.25, 8, 13.5 ], "texture": "#camera_side" },
        "south": { "uv": [ 8, 13.25, 8.5, 13.5 ], "texture": "#camera_side_2" },
        "east":  { "uv": [ 4.5, 13.25, 12.25, 13.5 ], "texture": "#camera_front" }
    }
},
{
    "__comment": "Camera",
    "from": [ 8, 2.75, 4 ],
    "to": [ 8.25, 9.5, 11.25 ],
    "faces": {
        "up":    { "uv": [ 8, 4, 8.25, 11.25 ], "texture": "#camera_top" },
        "north": { "uv": [ 7.75, 6.5, 8, 13.25 ], "texture": "#camera_side" },
        "south": { "uv": [ 8, 6.5, 8.25, 13.25 ], "texture": "#camera_side_2" },
        "east":  { "uv": [ 4.75, 6.5, 12, 13.25 ], "texture": "#camera_front" }
    }
},
{
    "__comment": "Camera",
    "from": [ 8.25, 0.75, 3.25 ],
    "to": [ 8.5, 1.5, 12 ],
    "faces": {
        "down":  { "uv": [ 7.75, 12, 7.5, 3.25 ], "texture": "#camera_top" },
        "north": { "uv": [ 7.5, 14.5, 7.75, 15.25 ], "texture": "#camera_side" },
        "south": { "uv": [ 8.25, 14.5, 8.5, 15.25 ], "texture": "#camera_side_2" },
        "west":  { "uv": [ 3.25, 14.5, 12, 15.25 ], "texture": "#camera_back" },
        "east":  { "uv": [ 4, 14.5, 12.75, 15.25 ], "texture": "#camera_front" }
    }
},
{
    "__comment": "Camera",
    "from": [ 8.25, 2.75, 4 ],
    "to": [ 9, 3, 11.25 ],
    "faces": {
        "down":  { "uv": [ 7.75, 11.25, 7, 4 ], "texture": "#camera_top" },
        "up":    { "uv": [ 8.25, 4, 9, 11.25 ], "texture": "#camera_top" },
        "north": { "uv": [ 7, 13, 7.75, 13.25 ], "texture": "#camera_side" },
        "south": { "uv": [ 8.25, 13, 9, 13.25 ], "texture": "#camera_side_2" },
        "east":  { "uv": [ 4.75, 13, 12, 13.25 ], "texture": "#camera_front" }
    }
},
{
    "__comment": "Camera",
    "from": [ 8.25, 3, 4.25 ],
    "to": [ 8.75, 9.25, 11.25 ],
    "faces": {
        "up":    { "uv": [ 8.25, 4.25, 8.75, 11.25 ], "texture": "#camera_top" },
        "north": { "uv": [ 7.25, 6.75, 7.75, 13 ], "texture": "#camera_side" },
        "south": { "uv": [ 8.25, 6.75, 8.75, 13 ], "texture": "#camera_side_2" },
        "east":  { "uv": [ 4.75, 6.75, 11.75, 13 ], "texture": "#camera_front" }
    }
},
{
    "__comment": "Camera",
    "from": [ 8.5, 1, 3.75 ],
    "to": [ 8.75, 2.25, 11.75 ],
    "faces": {
        "down":  { "uv": [ 7.5, 11.75, 7.25, 3.75 ], "texture": "#camera_top" },
        "north": { "uv": [ 7.25, 13.75, 7.5, 15 ], "texture": "#camera_side" },
        "south": { "uv": [ 8.5, 13.75, 8.75, 15 ], "texture": "#camera_side_2" },
        "west":  { "uv": [ 3.75, 13.75, 11.75, 15 ], "texture": "#camera_back" },
        "east":  { "uv": [ 4.25, 13.75, 12.25, 15 ], "texture": "#camera_front" }
    }
},
{
    "__comment": "Camera",
    "from": [ 8.5, 2.5, 4 ],
    "to": [ 8.75, 2.75, 11.5 ],
    "faces": {
        "up":    { "uv": [ 8.5, 4, 8.75, 11.5 ], "texture": "#camera_top" },
        "north": { "uv": [ 7.25, 13.25, 7.5, 13.5 ], "texture": "#camera_side" },
        "south": { "uv": [ 8.5, 13.25, 8.75, 13.5 ], "texture": "#camera_side_2" },
        "east":  { "uv": [ 4.5, 13.25, 12, 13.5 ], "texture": "#camera_front" }
    }
},
{
    "__comment": "Camera",
    "from": [ 8.75, 1, 4 ],
    "to": [ 9, 2.75, 11.25 ],
    "faces": {
        "down":  { "uv": [ 7.25, 11.25, 7, 4 ], "texture": "#camera_top" },
        "north": { "uv": [ 7, 13.25, 7.25, 15 ], "texture": "#camera_side" },
        "south": { "uv": [ 8.75, 13.25, 9, 15 ], "texture": "#camera_side_2" },
        "west":  { "uv": [ 4, 13.25, 11.25, 15 ], "texture": "#camera_back" },
        "east":  { "uv": [ 4.75, 13.25, 12, 15 ], "texture": "#camera_front" }
    }
},
{
    "__comment": "Camera",
    "from": [ 8.75, 3, 4.25 ],
    "to": [ 9, 9, 11.25 ],
    "faces": {
        "up":    { "uv": [ 8.75, 4.25, 9, 11.25 ], "texture": "#camera_top" },
        "north": { "uv": [ 7, 7, 7.25, 13 ], "texture": "#camera_side" },
        "south": { "uv": [ 8.75, 7, 9, 13 ], "texture": "#camera_side_2" },
        "east":  { "uv": [ 4.75, 7, 11.75, 13 ], "texture": "#camera_front" }
    }
},
{
    "__comment": "Camera",
    "from": [ 9, 1.25, 4.25 ],
    "to": [ 9.5, 9, 11 ],
    "faces": {
        "down":  { "uv": [ 7, 11, 6.5, 4.25 ], "texture": "#camera_top" },
        "up":    { "uv": [ 9, 4.25, 9.5, 11 ], "texture": "#camera_top" },
        "north": { "uv": [ 6.5, 7, 7, 14.75 ], "texture": "#camera_side" },
        "south": { "uv": [ 9, 7, 9.5, 14.75 ], "texture": "#camera_side_2" },
        "west":  { "uv": [ 4.25, 7, 11, 14.75 ], "texture": "#camera_back" },
        "east":  { "uv": [ 5, 7, 11.75, 14.75 ], "texture": "#camera_front" }
    }
},
{
    "__comment": "Camera",
    "from": [ 9.5, 1.5, 4.5 ],
    "to": [ 10, 8.75, 11 ],
    "faces": {
        "down":  { "uv": [ 6.5, 11, 6, 4.5 ], "texture": "#camera_top" },
        "up":    { "uv": [ 9.5, 4.5, 10, 11 ], "texture": "#camera_top" },
        "north": { "uv": [ 6, 7.25, 6.5, 14.5 ], "texture": "#camera_side" },
        "south": { "uv": [ 9.5, 7.25, 10, 14.5 ], "texture": "#camera_side_2" },
        "east":  { "uv": [ 5, 7.25, 11.5, 14.5 ], "texture": "#camera_front" }
    }
},
{
    "__comment": "Camera",
    "from": [ 10, 1.75, 4.5 ],
    "to": [ 10.5, 8.5, 10.75 ],
    "faces": {
        "down":  { "uv": [ 6, 10.75, 5.5, 4.5 ], "texture": "#camera_top" },
        "up":    { "uv": [ 10, 4.5, 10.5, 10.75 ], "texture": "#camera_top" },
        "north": { "uv": [ 5.5, 7.5, 6, 14.25 ], "texture": "#camera_side" },
        "south": { "uv": [ 10, 7.5, 10.5, 14.25 ], "texture": "#camera_side_2" },
        "east":  { "uv": [ 5.25, 7.5, 11.5, 14.25 ], "texture": "#camera_front" }
    }
},
{
    "__comment": "Camera",
    "from": [ 10.5, 2, 4.5 ],
    "to": [ 11, 8.25, 10.75 ],
    "faces": {
        "down":  { "uv": [ 5.5, 10.75, 5, 4.5 ], "texture": "#camera_top" },
        "up":    { "uv": [ 10.5, 4.5, 11, 10.75 ], "texture": "#camera_top" },
        "north": { "uv": [ 5, 7.75, 5.5, 14 ], "texture": "#camera_side" },
        "south": { "uv": [ 10.5, 7.75, 11, 14 ], "texture": "#camera_side_2" },
        "east":  { "uv": [ 5.25, 7.75, 11.5, 14 ], "texture": "#camera_front" }
    }
},
{
    "__comment": "Camera",
    "from": [ 11, 2, 4.75 ],
    "to": [ 11.25, 8.25, 10.75 ],
    "faces": {
        "down":  { "uv": [ 5, 10.75, 4.75, 4.75 ], "texture": "#camera_top" },
        "up":    { "uv": [ 11, 4.75, 11.25, 10.75 ], "texture": "#camera_top" },
        "north": { "uv": [ 4.75, 7.75, 5, 14 ], "texture": "#camera_side" },
        "south": { "uv": [ 11, 7.75, 11.25, 14 ], "texture": "#camera_side_2" },
        "east":  { "uv": [ 5.25, 7.75, 11.25, 14 ], "texture": "#camera_front" }
    }
},
{
    "__comment": "Camera",
    "from": [ 11.25, 2.25, 4.75 ],
    "to": [ 11.5, 8, 10.75 ],
    "faces": {
        "down":  { "uv": [ 4.75, 10.75, 4.5, 4.75 ], "texture": "#camera_top" },
        "up":    { "uv": [ 11.25, 4.75, 11.5, 10.75 ], "texture": "#camera_top" },
        "north": { "uv": [ 4.5, 8, 4.75, 13.75 ], "texture": "#camera_side" },
        "south": { "uv": [ 11.25, 8, 11.5, 13.75 ], "texture": "#camera_side_2" },
        "east":  { "uv": [ 5.25, 8, 11.25, 13.75 ], "texture": "#camera_front" }
    }
},
{
    "__comment": "Camera",
    "from": [ 11.5, 2.25, 4.75 ],
    "to": [ 11.75, 8, 10.5 ],
    "faces": {
        "down":  { "uv": [ 4.5, 10.5, 4.25, 4.75 ], "texture": "#camera_top" },
        "up":    { "uv": [ 11.5, 4.75, 11.75, 10.5 ], "texture": "#camera_top" },
        "north": { "uv": [ 4.25, 8, 4.5, 13.75 ], "texture": "#camera_side" },
        "south": { "uv": [ 11.5, 8, 11.75, 13.75 ], "texture": "#camera_side_2" },
        "east":  { "uv": [ 5.5, 8, 11.25, 13.75 ], "texture": "#camera_front" }
    }
},
{
    "__comment": "Camera",
    "from": [ 11.75, 2.5, 5 ],
    "to": [ 12, 7.75, 10.5 ],
    "faces": {
        "down":  { "uv": [ 4.25, 10.5, 4, 5 ], "texture": "#camera_top" },
        "up":    { "uv": [ 11.75, 5, 12, 10.5 ], "texture": "#camera_top" },
        "north": { "uv": [ 4, 8.25, 4.25, 13.5 ], "texture": "#camera_side" },
        "south": { "uv": [ 11.75, 8.25, 12, 13.5 ], "texture": "#camera_side_2" }
    }
},
{
    "__comment": "Camera",
    "from": [ 12, 2.5, 5 ],
    "to": [ 13.5, 7.75, 10.5 ],
    "faces": {
        "down":  { "uv": [ 4, 10.5, 2.5, 5 ], "texture": "#camera_top" },
        "up":    { "uv": [ 12, 5, 13.5, 10.5 ], "texture": "#camera_top" },
        "north": { "uv": [ 2.5, 8.25, 4, 13.5 ], "texture": "#camera_side" },
        "south": { "uv": [ 12, 8.25, 13.5, 13.5 ], "texture": "#camera_side_2" },
        "east":  { "uv": [ 5.5, 8.25, 11, 13.5 ], "texture": "#camera_front" }
    }
},
{
    "__comment": "Camera",
    "from": [ 13.5, 4.75, 5.25 ],
    "to": [ 14, 5.5, 10 ],
    "faces": {
        "down":  { "uv": [ 2.5, 10, 2, 5.25 ], "texture": "#camera_top" },
        "up":    { "uv": [ 13.5, 5.25, 14, 10 ], "texture": "#camera_top" },
        "north": { "uv": [ 2, 10.5, 2.5, 11.25 ], "texture": "#camera_side" },
        "south": { "uv": [ 13.5, 10.5, 14, 11.25 ], "texture": "#camera_side_2" },
        "east":  { "uv": [ 6, 10.5, 10.75, 11.25 ], "texture": "#camera_front" }
    }
},
{
    "__comment": "Camera",
    "from": [ 13.5, 3.75, 5.5 ],
    "to": [ 14, 4.75, 9.75 ],
    "faces": {
        "down":  { "uv": [ 2.5, 9.75, 2, 5.5 ], "texture": "#camera_top" },
        "north": { "uv": [ 2, 11.25, 2.5, 12.25 ], "texture": "#camera_side" },
        "south": { "uv": [ 13.5, 11.25, 14, 12.25 ], "texture": "#camera_side_2" },
        "east":  { "uv": [ 6.25, 11.25, 10.5, 12.25 ], "texture": "#camera_front" }
    }
},
{
    "__comment": "Camera",
    "from": [ 13.5, 5.5, 5.5 ],
    "to": [ 14, 6, 10 ],
    "faces": {
        "up":    { "uv": [ 13.5, 5.5, 14, 10 ], "texture": "#camera_top" },
        "north": { "uv": [ 2, 10, 2.5, 10.5 ], "texture": "#camera_side" },
        "south": { "uv": [ 13.5, 10, 14, 10.5 ], "texture": "#camera_side_2" },
        "east":  { "uv": [ 6, 10, 10.5, 10.5 ], "texture": "#camera_front" }
    }
},
{
    "__comment": "Camera",
    "from": [ 13.5, 6, 5.5 ],
    "to": [ 14, 6.5, 9.75 ],
    "faces": {
        "up":    { "uv": [ 13.5, 5.5, 14, 9.75 ], "texture": "#camera_top" },
        "north": { "uv": [ 2, 9.5, 2.5, 10 ], "texture": "#camera_side" },
        "south": { "uv": [ 13.5, 9.5, 14, 10 ], "texture": "#camera_side_2" },
        "east":  { "uv": [ 6.25, 9.5, 10.5, 10 ], "texture": "#camera_front" }
    }
},
{
    "__comment": "Camera",
    "from": [ 13.5, 3.5, 5.75 ],
    "to": [ 14, 3.75, 9.75 ],
    "faces": {
        "down":  { "uv": [ 2.5, 9.75, 2, 5.75 ], "texture": "#camera_top" },
        "north": { "uv": [ 2, 12.25, 2.5, 12.5 ], "texture": "#camera_side" },
        "south": { "uv": [ 13.5, 12.25, 14, 12.5 ], "texture": "#camera_side_2" },
        "east":  { "uv": [ 6.25, 12.25, 10.25, 12.5 ], "texture": "#camera_front" }
    }
},
{
    "__comment": "Camera",
    "from": [ 13.5, 6.5, 5.75 ],
    "to": [ 14, 6.75, 9.75 ],
    "faces": {
        "up":    { "uv": [ 13.5, 5.75, 14, 9.75 ], "texture": "#camera_top" },
        "north": { "uv": [ 2, 9.25, 2.5, 9.5 ], "texture": "#camera_side" },
        "south": { "uv": [ 13.5, 9.25, 14, 9.5 ], "texture": "#camera_side_2" },
        "east":  { "uv": [ 6.25, 9.25, 10.25, 9.5 ], "texture": "#camera_front" }
    }
},
{
    "__comment": "Camera",
    "from": [ 13.5, 3.25, 6 ],
    "to": [ 14, 3.5, 9.5 ],
    "faces": {
        "down":  { "uv": [ 2.5, 9.5, 2, 6 ], "texture": "#camera_top" },
        "north": { "uv": [ 2, 12.5, 2.5, 12.75 ], "texture": "#camera_side" },
        "south": { "uv": [ 13.5, 12.5, 14, 12.75 ], "texture": "#camera_side_2" },
        "east":  { "uv": [ 6.5, 12.5, 10, 12.75 ], "texture": "#camera_front" }
    }
},
{
    "__comment": "Camera",
    "from": [ 13.5, 6.75, 6 ],
    "to": [ 14, 7, 9.5 ],
    "faces": {
        "up":    { "uv": [ 13.5, 6, 14, 9.5 ], "texture": "#camera_top" },
        "north": { "uv": [ 2, 9, 2.5, 9.25 ], "texture": "#camera_side" },
        "south": { "uv": [ 13.5, 9, 14, 9.25 ], "texture": "#camera_side_2" },
        "east":  { "uv": [ 6.5, 9, 10, 9.25 ], "texture": "#camera_front" }
    }
},
{
    "__comment": "Camera",
    "from": [ 13.5, 7, 6.75 ],
    "to": [ 14, 7.25, 8.75 ],
    "faces": {
        "up":    { "uv": [ 13.5, 6.75, 14, 8.75 ], "texture": "#camera_top" },
        "north": { "uv": [ 2, 8.75, 2.5, 9 ], "texture": "#camera_side" },
        "south": { "uv": [ 13.5, 8.75, 14, 9 ], "texture": "#camera_side_2" },
        "east":  { "uv": [ 7.25, 8.75, 9.25, 9 ], "texture": "#camera_front" }
    }
},
{
    "__comment": "Camera",
    "from": [ 13.5, 3, 7.25 ],
    "to": [ 14, 3.25, 8.25 ],
    "faces": {
        "down":  { "uv": [ 2.5, 8.25, 2, 7.25 ], "texture": "#camera_top" },
        "north": { "uv": [ 2, 12.75, 2.5, 13 ], "texture": "#camera_side" },
        "south": { "uv": [ 13.5, 12.75, 14, 13 ], "texture": "#camera_side_2" },
        "east":  { "uv": [ 7.75, 12.75, 8.75, 13 ], "texture": "#camera_front" }
    }
},
{
    "__comment": "Camera",
    "from": [ 13.5, 4.25, 9.75 ],
    "to": [ 14, 4.75, 10 ],
    "faces": {
        "down":  { "uv": [ 2.5, 10, 2, 9.75 ], "texture": "#camera_top" },
        "south": { "uv": [ 13.5, 11.25, 14, 11.75 ], "texture": "#camera_side_2" },
        "east":  { "uv": [ 6, 11.25, 6.25, 11.75 ], "texture": "#camera_front" }
    }
}
],
"display": {
    "thirdperson_righthand": {
        "rotation": [ 65, 82, 0 ],
        "translation": [ -1.7, 3.02, 3.78 ],
        "scale": [ 0.75, 0.75, 0.75 ]
    },
    "head": {
        "rotation": [ 0, 90, 0 ],
        "translation": [ 0, 10.2, -5.29 ],
        "scale": [ 2, 2, 2 ]
    },
    "ground": {
        "rotation": [ 0, 0, 0 ],
        "translation": [ 0, 5.1, 0 ],
        "scale": [ 1, 1, 1 ]
    },
    "fixed": {
        "rotation": [ 0, -90, 0 ],
        "translation": [ 0, 0.57, 2.08 ],
        "scale": [ 0.5, 1.2, 1.2 ]
    },
    "firstperson_righthand": {
        "rotation": [ 0, 99, 0 ],
        "translation": [ -0.76, 3.59, -1.13 ],
        "scale": [ 0.75, 0.75, 0.75 ]
    },
    "firstperson_lefthand": {
        "rotation": [ 0, -81, 0 ],
        "translation": [ -0.76, 3.59, -1.12 ],
        "scale": [ 0.75, 0.75, 0.75 ]
    },
    "gui": {
        "rotation": [ 0, 90, 0 ],
        "translation": [ 0, 0, 0 ],
        "scale": [ 1, 1, 1 ]
    }
}
}