{
	"credit": "Made with Blockbench",
  "parent": "item/generated",
  "textures": {
    "layer0": "block/black_stained_glass"
  },
  "display": {},
	"overrides": [
    { "predicate": { "custom_model_data": 5 }, "model": "item/custom/dihoe/model5" },
    { "predicate": { "custom_model_data": 13 }, "model": "item/custom/dihoe/model13" },
    { "predicate": { "custom_model_data": 15 }, "model": "item/custom/dihoe/model15" },
    { "predicate": { "custom_model_data": 16 }, "model": "item/custom/dihoe/model16" },
    { "predicate": { "custom_model_data": 102 }, "model": "item/custom/dihoe/model102" },
    { "predicate": { "custom_model_data": 103 }, "model": "item/custom/dihoe/model103" },
    { "predicate": { "custom_model_data": 104 }, "model": "item/custom/dihoe/model104" },
    { "predicate": { "custom_model_data": 121 }, "model": "item/custom/dihoe/model121" },
    { "predicate": { "custom_model_data": 200 }, "model": "item/black_stained_glass_pane" }
	]
}