{
	"credit": "Made with Blockbench",
	"parent": "item/generated",
	"textures": {
		"layer0": "item/chainmail_chestplate"
	},
	"display": {},
	"overrides": [
		{ "predicate": { "custom_model_data": 12 }, "model": "item/custom/dihoe/model12" },
    { "predicate": { "custom_model_data": 132 }, "model": "item/custom/dihoe/model132" },
    { "predicate": { "custom_model_data": 133 }, "model": "item/custom/dihoe/model133" },
    { "predicate": { "custom_model_data": 134 }, "model": "item/custom/dihoe/model134" },
    { "predicate": { "custom_model_data": 135 }, "model": "item/custom/dihoe/model135" },
    { "predicate": { "custom_model_data": 136 }, "model": "item/custom/dihoe/model136" },
    { "predicate": { "custom_model_data": 137 }, "model": "item/custom/dihoe/model137" },
    { "predicate": { "custom_model_data": 138 }, "model": "item/custom/dihoe/model138" },
    { "predicate": { "custom_model_data": 139 }, "model": "item/custom/dihoe/model139" },
    { "predicate": { "custom_model_data": 140 }, "model": "item/custom/dihoe/model140" },
    { "predicate": { "custom_model_data": 141 }, "model": "item/custom/dihoe/model141" }
	]
}