{
  "overrides": [
    {
      "predicate": {
        "damage": 0.864406779661017,
        "damaged": 0
      },
      "model": "vanilla_additions:item/big_oak_wood_shovel"
    },
    {
      "predicate": {
        "damage": 0.8813559322033898,
        "damaged": 0
      },
      "model": "vanilla_additions:item/acacia_wood_shovel"
    },
    {
      "predicate": {
        "damage": 0.8983050847457628,
        "damaged": 0
      },
      "model": "vanilla_additions:item/jungle_wood_shovel"
    },
    {
      "predicate": {
        "damage": 0.9152542372881356,
        "damaged": 0
      },
      "model": "vanilla_additions:item/birch_wood_shovel"
    },
    {
      "predicate": {
        "damage": 0.9322033898305084,
        "damaged": 0
      },
      "model": "vanilla_additions:item/spruce_wood_shovel"
    },
    {
      "predicate": {
        "damage": 0.9491525423728814,
        "damaged": 0
      },
      "model": "vanilla_additions:item/oak_wood_shovel"
    },
    {
      "predicate": {
        "damage": 0.9661016949152542,
        "damaged": 0
      },
      "model": "vanilla_additions:item/slime_shovel"
    },
    {
      "predicate": {
        "damage": 0.9830508474576272,
        "damaged": 0
      },
      "model": "vanilla_additions:item/clay_shovel"
    },
    {
      "predicate": {
        "damage": 1.0,
        "damaged": 0
      },
      "model": "vanilla_additions:item/coal_shovel"
    },
    {
      "predicate": {
        "damage": 0.0,
        "damaged": 1
      },
      "model": "item/wooden_shovel"
    }
  ],
  "parent": "item/handheld",
  "textures": {
    "layer0": "item/wooden_shovel"
  }
}