{
  "overrides": [
    {
      "predicate": {
        "damage": 0.9961563100576554,
        "damaged": 0
      },
      "model": "vanilla_additions:item/jumping_slime_bucket"
    },
    {
      "predicate": {
        "damage": 0.9967969250480462,
        "damaged": 0
      },
      "model": "vanilla_additions:item/slime_bucket"
    },
    {
      "predicate": {
        "damage": 0.9974375400384369,
        "damaged": 0
      },
      "model": "vanilla_additions:item/diamond_sickle"
    },
    {
      "predicate": {
        "damage": 0.9980781550288277,
        "damaged": 0
      },
      "model": "vanilla_additions:item/prismarine_sickle"
    },
    {
      "predicate": {
        "damage": 0.9987187700192185,
        "damaged": 0
      },
      "model": "vanilla_additions:item/prismarine_hoe"
    },
    {
      "predicate": {
        "damage": 0.9993593850096092,
        "damaged": 0
      },
      "model": "vanilla_additions:item/emerald_sickle"
    },
    {
      "predicate": {
        "damage": 1.0,
        "damaged": 0
      },
      "model": "vanilla_additions:item/emerald_hoe"
    },
    {
      "predicate": {
        "damage": 0.0,
        "damaged": 1
      },
      "model": "item/diamond_hoe"
    }
  ],
  "parent": "item/handheld",
  "textures": {
    "layer0": "item/diamond_hoe"
  }
}